,Vekt,Bestilt_dato,Klar_dato,Deadline,Klima_check
0,5150,2020-02-20 00:02:17,2020-02-23 02:58:56,2020-02-26 02:58:56,False
1,550,2020-02-20 00:25:27,2020-02-25 13:44:11,2020-02-28 13:44:11,False
2,400,2020-02-20 00:37:46,2020-02-22 22:17:13,2020-02-25 22:17:13,False
3,5,2020-02-20 00:47:59,2020-02-24 19:54:47,2020-02-27 19:54:47,False
4,350,2020-02-20 02:00:24,2020-02-22 10:41:04,2020-02-25 10:41:04,False
5,600,2020-02-20 02:04:31,2020-02-23 17:56:16,2020-02-26 17:56:16,False
6,1200,2020-02-20 03:02:23,2020-02-23 18:29:04,2020-02-26 18:29:04,False
7,750,2020-02-20 04:08:44,2020-02-22 21:05:52,2020-02-25 21:05:52,False
8,3000,2020-02-20 07:12:01,2020-02-23 17:04:02,2020-02-25 17:04:02,True
9,600,2020-02-20 08:00:46,2020-02-26 03:18:55,2020-02-28 03:18:55,True
10,900,2020-02-20 08:17:04,2020-02-23 07:06:04,2020-02-26 07:06:04,False
11,300,2020-02-20 08:36:15,2020-02-22 22:59:04,2020-02-24 22:59:04,True
12,5,2020-02-20 08:38:17,2020-02-24 05:15:18,2020-02-27 05:15:18,False
13,250,2020-02-20 09:10:12,2020-02-25 08:39:53,2020-02-28 08:39:53,False
14,400,2020-02-20 09:18:51,2020-02-23 06:32:44,2020-02-26 06:32:44,False
15,5,2020-02-20 09:29:26,2020-02-23 03:28:36,2020-02-26 03:28:36,False
16,250,2020-02-20 09:31:18,2020-02-23 23:47:47,2020-02-25 23:47:47,True
17,7050,2020-02-20 09:35:25,2020-02-26 14:50:20,2020-02-29 14:50:20,False
18,350,2020-02-20 09:41:13,2020-02-24 00:16:39,2020-02-27 00:16:39,False
19,800,2020-02-20 09:54:19,2020-02-28 11:59:39,2020-03-02 11:59:39,False
20,700,2020-02-20 10:12:30,2020-02-23 20:00:28,2020-02-26 20:00:28,False
21,15850,2020-02-20 10:15:44,2020-02-24 14:45:27,2020-02-26 14:45:27,True
22,5,2020-02-20 10:24:03,2020-02-23 05:18:01,2020-02-25 05:18:01,True
23,300,2020-02-20 10:25:02,2020-02-24 08:50:17,2020-02-27 08:50:17,False
24,5,2020-02-20 10:26:32,2020-02-26 00:49:05,2020-02-29 00:49:05,False
25,5,2020-02-20 10:36:56,2020-02-24 17:46:28,2020-02-27 17:46:28,False
26,350,2020-02-20 10:39:06,2020-02-24 17:50:44,2020-02-27 17:50:44,False
27,10000,2020-02-20 10:40:12,2020-02-23 19:34:14,2020-02-25 19:34:14,True
28,2450,2020-02-20 10:42:26,2020-02-22 16:31:58,2020-02-24 16:31:58,True
29,550,2020-02-20 10:51:14,2020-02-24 09:56:33,2020-02-26 09:56:33,True
30,250,2020-02-20 10:56:24,2020-02-25 14:38:22,2020-02-28 14:38:22,False
31,1300,2020-02-20 10:56:35,2020-02-25 06:09:35,2020-02-28 06:09:35,False
32,5,2020-02-20 11:02:12,2020-02-23 09:03:12,2020-02-26 09:03:12,False
33,5,2020-02-20 11:12:22,2020-02-23 01:14:31,2020-02-25 01:14:31,True
34,500,2020-02-20 11:24:56,2020-02-24 23:59:21,2020-02-27 23:59:21,False
35,250,2020-02-20 11:28:43,2020-02-26 17:31:01,2020-02-29 17:31:01,False
36,400,2020-02-20 11:32:59,2020-02-23 21:58:29,2020-02-26 21:58:29,False
37,550,2020-02-20 11:33:49,2020-02-23 19:07:58,2020-02-26 19:07:58,False
38,650,2020-02-20 11:48:59,2020-02-24 17:19:35,2020-02-26 17:19:35,True
39,850,2020-02-20 11:49:35,2020-02-24 12:19:23,2020-02-27 12:19:23,False
40,950,2020-02-20 11:49:36,2020-02-24 12:47:37,2020-02-26 12:47:37,True
41,5,2020-02-20 11:54:34,2020-02-26 05:24:08,2020-02-28 05:24:08,True
42,5,2020-02-20 11:59:01,2020-02-23 19:18:53,2020-02-26 19:18:53,False
43,5,2020-02-20 12:01:37,2020-02-23 20:38:42,2020-02-26 20:38:42,False
44,5,2020-02-20 12:02:05,2020-02-22 22:23:23,2020-02-24 22:23:23,True
45,550,2020-02-20 12:03:45,2020-02-24 09:39:06,2020-02-26 09:39:06,True
46,750,2020-02-20 12:09:58,2020-02-23 10:15:01,2020-02-26 10:15:01,False
47,300,2020-02-20 12:22:20,2020-02-24 03:23:50,2020-02-27 03:23:50,False
48,50,2020-02-20 12:25:33,2020-02-24 12:11:54,2020-02-27 12:11:54,False
49,5,2020-02-20 12:32:16,2020-02-23 01:25:49,2020-02-26 01:25:49,False
50,750,2020-02-20 12:37:32,2020-02-26 03:29:27,2020-02-29 03:29:27,False
51,20,2020-02-20 12:40:16,2020-02-25 05:01:02,2020-02-28 05:01:02,False
52,350,2020-02-20 12:42:35,2020-02-23 16:12:33,2020-02-26 16:12:33,False
53,1850,2020-02-20 12:43:35,2020-02-25 09:16:13,2020-02-28 09:16:13,False
54,650,2020-02-20 12:52:48,2020-02-25 19:06:56,2020-02-28 19:06:56,False
55,3400,2020-02-20 12:53:51,2020-02-24 19:41:46,2020-02-27 19:41:46,False
56,300,2020-02-20 13:15:55,2020-02-25 15:37:53,2020-02-28 15:37:53,False
57,1550,2020-02-20 13:16:42,2020-02-23 11:26:06,2020-02-26 11:26:06,False
58,250,2020-02-20 13:20:36,2020-02-23 18:30:31,2020-02-26 18:30:31,False
59,600,2020-02-20 13:31:21,2020-02-25 01:09:45,2020-02-28 01:09:45,False
60,950,2020-02-20 13:33:07,2020-02-23 10:03:02,2020-02-26 10:03:02,False
61,5,2020-02-20 13:33:44,2020-02-24 07:08:46,2020-02-27 07:08:46,False
62,1050,2020-02-20 13:35:29,2020-02-23 14:57:42,2020-02-26 14:57:42,False
63,5,2020-02-20 13:36:35,2020-02-25 08:42:41,2020-02-27 08:42:41,True
64,400,2020-02-20 13:43:15,2020-02-24 02:27:07,2020-02-27 02:27:07,False
65,5,2020-02-20 13:45:23,2020-02-26 15:50:34,2020-02-29 15:50:34,False
66,5,2020-02-20 13:48:39,2020-02-24 15:55:49,2020-02-27 15:55:49,False
67,700,2020-02-20 13:55:29,2020-02-26 02:26:23,2020-02-28 02:26:23,True
68,250,2020-02-20 14:12:28,2020-02-24 13:09:49,2020-02-27 13:09:49,False
69,350,2020-02-20 14:21:37,2020-02-23 03:25:25,2020-02-26 03:25:25,False
70,350,2020-02-20 14:23:38,2020-02-26 10:03:57,2020-02-29 10:03:57,False
71,5,2020-02-20 14:24:07,2020-02-25 10:12:37,2020-02-28 10:12:37,False
72,5,2020-02-20 14:24:22,2020-02-24 12:18:08,2020-02-27 12:18:08,False
73,1850,2020-02-20 14:26:57,2020-02-23 13:39:03,2020-02-26 13:39:03,False
74,1100,2020-02-20 14:31:14,2020-02-26 21:45:50,2020-02-28 21:45:50,True
75,300,2020-02-20 14:49:37,2020-02-23 15:43:19,2020-02-25 15:43:19,True
76,550,2020-02-20 14:50:59,2020-02-23 16:02:55,2020-02-26 16:02:55,False
77,5,2020-02-20 14:52:10,2020-02-26 12:36:45,2020-02-29 12:36:45,False
78,350,2020-02-20 14:59:05,2020-02-24 08:44:45,2020-02-26 08:44:45,True
79,5,2020-02-20 15:04:02,2020-02-24 04:24:41,2020-02-26 04:24:41,True
80,800,2020-02-20 15:07:19,2020-02-25 10:11:52,2020-02-28 10:11:52,False
81,5,2020-02-20 15:08:41,2020-02-24 22:08:18,2020-02-27 22:08:18,False
82,2000,2020-02-20 15:22:31,2020-02-24 16:16:57,2020-02-26 16:16:57,True
83,950,2020-02-20 15:23:01,2020-02-23 23:44:50,2020-02-26 23:44:50,False
84,350,2020-02-20 15:25:47,2020-02-24 04:13:48,2020-02-27 04:13:48,False
85,1650,2020-02-20 15:27:20,2020-02-25 12:49:01,2020-02-27 12:49:01,True
86,500,2020-02-20 15:32:54,2020-02-27 16:45:16,2020-03-01 16:45:16,False
87,11900,2020-02-20 15:34:24,2020-02-25 12:06:14,2020-02-28 12:06:14,False
88,5,2020-02-20 15:38:28,2020-02-24 20:39:10,2020-02-26 20:39:10,True
89,450,2020-02-20 15:55:16,2020-02-24 03:36:58,2020-02-27 03:36:58,False
90,500,2020-02-20 16:16:42,2020-02-24 14:07:31,2020-02-27 14:07:31,False
91,250,2020-02-20 16:39:25,2020-02-25 09:01:16,2020-02-28 09:01:16,False
92,1200,2020-02-20 17:03:53,2020-02-26 18:20:32,2020-02-29 18:20:32,False
93,900,2020-02-20 17:05:11,2020-02-23 21:23:03,2020-02-26 21:23:03,False
94,5,2020-02-20 17:07:58,2020-02-23 05:49:14,2020-02-26 05:49:14,False
95,500,2020-02-20 17:21:00,2020-02-25 20:58:50,2020-02-27 20:58:50,True
96,1750,2020-02-20 17:40:04,2020-02-24 19:37:48,2020-02-27 19:37:48,False
97,1350,2020-02-20 17:40:41,2020-02-23 20:26:21,2020-02-26 20:26:21,False
98,2150,2020-02-20 17:42:16,2020-02-24 06:17:33,2020-02-26 06:17:33,True
99,5,2020-02-20 17:43:29,2020-02-23 20:41:21,2020-02-25 20:41:21,True
100,5,2020-02-20 17:47:07,2020-02-23 09:52:26,2020-02-26 09:52:26,False
101,400,2020-02-20 17:52:05,2020-02-23 17:31:26,2020-02-26 17:31:26,False
102,250,2020-02-20 17:56:32,2020-02-26 11:24:19,2020-02-29 11:24:19,False
103,1100,2020-02-20 18:20:02,2020-02-24 16:44:14,2020-02-27 16:44:14,False
104,5,2020-02-20 18:25:00,2020-02-24 09:19:15,2020-02-27 09:19:15,False
105,5,2020-02-20 18:25:38,2020-02-26 05:08:25,2020-02-29 05:08:25,False
106,250,2020-02-20 18:32:13,2020-02-23 22:07:55,2020-02-25 22:07:55,True
107,800,2020-02-20 18:33:05,2020-02-24 12:52:59,2020-02-26 12:52:59,True
108,750,2020-02-20 18:44:32,2020-02-25 00:34:55,2020-02-27 00:34:55,True
109,1900,2020-02-20 18:46:52,2020-02-23 23:58:00,2020-02-26 23:58:00,False
110,1250,2020-02-20 18:50:23,2020-02-25 16:58:50,2020-02-27 16:58:50,True
111,2050,2020-02-20 18:57:38,2020-02-25 05:42:28,2020-02-28 05:42:28,False
112,1800,2020-02-20 19:01:38,2020-02-24 10:11:08,2020-02-27 10:11:08,False
113,100,2020-02-20 19:03:41,2020-02-24 09:24:19,2020-02-27 09:24:19,False
114,5,2020-02-20 19:04:32,2020-02-24 03:06:04,2020-02-26 03:06:04,True
115,350,2020-02-20 19:05:24,2020-02-23 06:05:02,2020-02-26 06:05:02,False
116,400,2020-02-20 19:10:45,2020-02-23 21:07:02,2020-02-25 21:07:02,True
117,400,2020-02-20 19:13:54,2020-02-24 15:01:57,2020-02-26 15:01:57,True
118,5,2020-02-20 19:13:57,2020-02-24 18:03:16,2020-02-27 18:03:16,False
119,400,2020-02-20 19:14:18,2020-02-24 08:29:28,2020-02-27 08:29:28,False
120,5,2020-02-20 19:17:30,2020-02-24 09:41:05,2020-02-26 09:41:05,True
121,13050,2020-02-20 19:26:51,2020-02-23 06:10:26,2020-02-25 06:10:26,True
122,1250,2020-02-20 19:30:18,2020-02-24 02:08:32,2020-02-26 02:08:32,True
123,5,2020-02-20 19:34:36,2020-02-23 10:13:06,2020-02-26 10:13:06,False
124,5,2020-02-20 19:34:41,2020-02-23 04:19:26,2020-02-26 04:19:26,False
125,450,2020-02-20 19:37:32,2020-02-25 06:50:46,2020-02-28 06:50:46,False
126,550,2020-02-20 19:38:07,2020-02-25 06:29:29,2020-02-27 06:29:29,True
127,5,2020-02-20 19:38:36,2020-02-24 03:40:19,2020-02-26 03:40:19,True
128,600,2020-02-20 19:58:16,2020-02-28 09:41:43,2020-03-02 09:41:43,False
129,350,2020-02-20 19:58:59,2020-02-24 13:16:41,2020-02-27 13:16:41,False
130,450,2020-02-20 19:59:58,2020-02-23 19:13:27,2020-02-25 19:13:27,True
131,5,2020-02-20 20:21:13,2020-02-24 12:05:02,2020-02-27 12:05:02,False
132,800,2020-02-20 20:29:43,2020-02-24 04:59:06,2020-02-27 04:59:06,False
133,400,2020-02-20 20:30:50,2020-02-24 21:07:45,2020-02-27 21:07:45,False
134,550,2020-02-20 20:36:28,2020-02-23 17:36:17,2020-02-25 17:36:17,True
135,800,2020-02-20 20:42:59,2020-02-23 06:36:48,2020-02-26 06:36:48,False
136,900,2020-02-20 20:43:32,2020-02-24 23:03:38,2020-02-27 23:03:38,False
137,1000,2020-02-20 20:51:36,2020-02-24 10:52:44,2020-02-27 10:52:44,False
138,5,2020-02-20 20:56:09,2020-02-23 22:07:55,2020-02-25 22:07:55,True
139,5,2020-02-20 20:57:15,2020-02-23 23:13:06,2020-02-26 23:13:06,False
140,350,2020-02-20 21:00:51,2020-02-24 20:05:14,2020-02-27 20:05:14,False
141,350,2020-02-20 21:04:52,2020-02-25 19:31:44,2020-02-27 19:31:44,True
142,1000,2020-02-20 21:06:14,2020-02-23 09:26:50,2020-02-26 09:26:50,False
143,5,2020-02-20 21:06:34,2020-02-23 10:44:43,2020-02-26 10:44:43,False
144,1800,2020-02-20 21:38:28,2020-02-26 13:57:07,2020-02-29 13:57:07,False
145,400,2020-02-20 21:43:35,2020-02-24 20:28:00,2020-02-27 20:28:00,False
146,800,2020-02-20 21:44:27,2020-02-24 13:21:58,2020-02-27 13:21:58,False
147,5,2020-02-20 21:47:13,2020-02-24 04:52:32,2020-02-26 04:52:32,True
148,2950,2020-02-20 21:51:40,2020-02-26 04:30:04,2020-02-29 04:30:04,False
149,700,2020-02-20 21:52:45,2020-02-26 09:57:34,2020-02-29 09:57:34,False
150,10500,2020-02-20 21:55:17,2020-02-24 13:47:49,2020-02-27 13:47:49,False
151,400,2020-02-20 22:03:41,2020-02-23 13:23:07,2020-02-25 13:23:07,True
152,25400,2020-02-20 22:07:48,2020-02-23 12:12:15,2020-02-26 12:12:15,False
153,300,2020-02-20 22:10:46,2020-02-26 07:28:21,2020-02-29 07:28:21,False
154,10900,2020-02-20 22:14:06,2020-02-26 23:25:36,2020-02-29 23:25:36,False
155,5,2020-02-20 22:19:02,2020-02-24 13:08:43,2020-02-27 13:08:43,False
156,500,2020-02-20 22:46:56,2020-02-25 04:16:19,2020-02-28 04:16:19,False
157,1550,2020-02-20 22:57:22,2020-02-25 21:55:44,2020-02-28 21:55:44,False
158,300,2020-02-20 22:58:51,2020-02-26 04:28:34,2020-02-29 04:28:34,False
159,750,2020-02-20 23:07:11,2020-02-23 13:45:31,2020-02-26 13:45:31,False
160,4550,2020-02-20 23:07:55,2020-02-24 18:51:03,2020-02-27 18:51:03,False
161,10500,2020-02-20 23:15:23,2020-02-24 10:18:39,2020-02-27 10:18:39,False
162,850,2020-02-20 23:15:45,2020-02-24 21:34:28,2020-02-27 21:34:28,False
163,450,2020-02-20 23:21:06,2020-02-24 03:01:14,2020-02-27 03:01:14,False
164,5,2020-02-20 23:21:30,2020-02-24 10:12:05,2020-02-26 10:12:05,True
165,1600,2020-02-20 23:27:58,2020-02-23 11:26:03,2020-02-25 11:26:03,True
166,400,2020-02-21 00:11:42,2020-02-26 05:37:52,2020-02-29 05:37:52,False
167,5,2020-02-21 00:17:31,2020-02-23 19:28:44,2020-02-26 19:28:44,False
168,5,2020-02-21 00:35:04,2020-02-23 21:48:18,2020-02-26 21:48:18,False
169,500,2020-02-21 00:56:20,2020-02-24 01:59:31,2020-02-27 01:59:31,False
170,5,2020-02-21 01:10:59,2020-02-25 04:46:25,2020-02-28 04:46:25,False
171,450,2020-02-21 01:18:13,2020-02-26 06:59:59,2020-02-29 06:59:59,False
172,250,2020-02-21 06:53:37,2020-02-24 14:45:22,2020-02-27 14:45:22,False
173,5,2020-02-21 06:58:09,2020-02-25 05:13:54,2020-02-28 05:13:54,False
174,5,2020-02-21 07:07:58,2020-02-24 07:49:31,2020-02-27 07:49:31,False
175,650,2020-02-21 07:18:16,2020-02-23 01:11:28,2020-02-26 01:11:28,False
176,400,2020-02-21 07:40:33,2020-02-26 05:09:03,2020-02-29 05:09:03,False
177,5,2020-02-21 08:08:36,2020-02-26 13:51:54,2020-02-28 13:51:54,True
178,650,2020-02-21 08:14:34,2020-02-27 15:18:14,2020-02-29 15:18:14,True
179,250,2020-02-21 08:15:59,2020-02-29 02:06:55,2020-03-03 02:06:55,False
180,250,2020-02-21 09:00:22,2020-02-25 06:35:51,2020-02-27 06:35:51,True
181,1550,2020-02-21 09:21:17,2020-02-25 20:15:41,2020-02-28 20:15:41,False
182,1500,2020-02-21 09:25:58,2020-02-25 06:23:59,2020-02-28 06:23:59,False
183,650,2020-02-21 09:27:39,2020-02-26 17:21:27,2020-02-28 17:21:27,True
184,250,2020-02-21 09:31:48,2020-02-25 08:46:05,2020-02-27 08:46:05,True
185,350,2020-02-21 09:35:58,2020-02-24 02:09:19,2020-02-27 02:09:19,False
186,5,2020-02-21 09:37:43,2020-02-27 03:10:35,2020-02-29 03:10:35,True
187,500,2020-02-21 09:40:03,2020-02-26 00:19:17,2020-02-28 00:19:17,True
188,250,2020-02-21 09:55:47,2020-02-25 05:34:04,2020-02-28 05:34:04,False
189,700,2020-02-21 10:01:14,2020-02-26 17:24:57,2020-02-28 17:24:57,True
190,5,2020-02-21 10:05:38,2020-02-27 03:13:54,2020-02-29 03:13:54,True
191,5,2020-02-21 10:09:42,2020-02-26 10:02:16,2020-02-29 10:02:16,False
192,700,2020-02-21 10:11:10,2020-02-26 01:37:10,2020-02-28 01:37:10,True
193,5,2020-02-21 10:16:01,2020-02-25 09:50:59,2020-02-28 09:50:59,False
194,250,2020-02-21 10:23:06,2020-02-24 15:56:42,2020-02-26 15:56:42,True
195,5,2020-02-21 10:26:06,2020-02-24 09:08:38,2020-02-26 09:08:38,True
196,5,2020-02-21 10:31:57,2020-02-25 17:51:58,2020-02-27 17:51:58,True
197,1550,2020-02-21 10:35:57,2020-02-28 02:57:04,2020-03-01 02:57:04,True
198,400,2020-02-21 10:37:49,2020-02-25 02:54:45,2020-02-28 02:54:45,False
199,450,2020-02-21 10:54:55,2020-02-24 15:16:08,2020-02-27 15:16:08,False
200,1450,2020-02-21 11:04:43,2020-02-23 23:43:49,2020-02-25 23:43:49,True
201,3650,2020-02-21 11:05:58,2020-02-24 09:44:38,2020-02-26 09:44:38,True
202,5,2020-02-21 11:06:17,2020-02-24 20:25:03,2020-02-27 20:25:03,False
203,1050,2020-02-21 11:11:19,2020-02-26 12:01:15,2020-02-28 12:01:15,True
204,50,2020-02-21 11:16:58,2020-02-24 10:26:51,2020-02-27 10:26:51,False
205,350,2020-02-21 11:18:20,2020-02-26 13:19:39,2020-02-28 13:19:39,True
206,5,2020-02-21 11:21:54,2020-02-27 15:57:32,2020-03-01 15:57:32,False
207,5,2020-02-21 11:33:12,2020-02-24 23:46:44,2020-02-27 23:46:44,False
208,500,2020-02-21 11:34:42,2020-02-25 10:41:33,2020-02-28 10:41:33,False
209,450,2020-02-21 11:34:49,2020-02-24 08:58:32,2020-02-27 08:58:32,False
210,5,2020-02-21 11:45:42,2020-02-25 04:36:34,2020-02-28 04:36:34,False
211,5,2020-02-21 11:54:35,2020-02-23 14:39:51,2020-02-26 14:39:51,False
212,300,2020-02-21 12:02:20,2020-02-25 03:05:11,2020-02-27 03:05:11,True
213,1200,2020-02-21 12:07:01,2020-02-24 06:13:30,2020-02-26 06:13:30,True
214,750,2020-02-21 12:12:05,2020-02-26 17:12:50,2020-02-29 17:12:50,False
215,5,2020-02-21 12:14:29,2020-02-23 16:30:38,2020-02-25 16:30:38,True
216,300,2020-02-21 12:22:25,2020-02-24 17:30:45,2020-02-26 17:30:45,True
217,5,2020-02-21 12:22:41,2020-02-26 15:00:35,2020-02-29 15:00:35,False
218,400,2020-02-21 12:28:07,2020-02-25 19:45:17,2020-02-28 19:45:17,False
219,1600,2020-02-21 12:33:06,2020-02-28 00:45:36,2020-03-02 00:45:36,False
220,5,2020-02-21 12:33:45,2020-02-24 14:57:31,2020-02-27 14:57:31,False
221,1000,2020-02-21 12:35:35,2020-02-23 22:27:15,2020-02-25 22:27:15,True
222,450,2020-02-21 12:36:19,2020-02-28 16:40:29,2020-03-01 16:40:29,True
223,300,2020-02-21 12:39:19,2020-02-25 00:24:44,2020-02-27 00:24:44,True
224,450,2020-02-21 12:45:18,2020-02-23 22:10:59,2020-02-25 22:10:59,True
225,5,2020-02-21 12:49:50,2020-02-24 06:41:54,2020-02-27 06:41:54,False
226,700,2020-02-21 12:57:14,2020-02-26 03:55:16,2020-02-28 03:55:16,True
227,800,2020-02-21 13:02:13,2020-02-23 20:49:27,2020-02-26 20:49:27,False
228,450,2020-02-21 13:07:51,2020-02-25 08:19:24,2020-02-28 08:19:24,False
229,250,2020-02-21 13:13:45,2020-02-24 20:48:09,2020-02-27 20:48:09,False
230,550,2020-02-21 13:15:21,2020-02-25 00:43:20,2020-02-28 00:43:20,False
231,5,2020-02-21 13:15:58,2020-02-24 01:41:46,2020-02-27 01:41:46,False
232,1850,2020-02-21 13:18:47,2020-02-26 01:10:56,2020-02-29 01:10:56,False
233,1550,2020-02-21 13:19:45,2020-02-26 20:31:38,2020-02-28 20:31:38,True
234,350,2020-02-21 13:24:26,2020-02-23 19:41:34,2020-02-26 19:41:34,False
235,650,2020-02-21 13:28:40,2020-02-25 14:56:21,2020-02-27 14:56:21,True
236,5,2020-02-21 13:29:46,2020-02-24 09:58:03,2020-02-26 09:58:03,True
237,850,2020-02-21 13:41:23,2020-02-25 17:32:14,2020-02-28 17:32:14,False
238,550,2020-02-21 13:44:29,2020-02-27 22:12:53,2020-03-01 22:12:53,False
239,1150,2020-02-21 13:44:30,2020-02-25 07:48:20,2020-02-28 07:48:20,False
240,750,2020-02-21 13:54:58,2020-02-25 14:39:06,2020-02-28 14:39:06,False
241,4550,2020-02-21 14:04:50,2020-02-26 10:33:34,2020-02-29 10:33:34,False
242,600,2020-02-21 14:20:22,2020-02-25 06:14:04,2020-02-27 06:14:04,True
243,350,2020-02-21 14:33:58,2020-02-24 04:25:54,2020-02-27 04:25:54,False
244,800,2020-02-21 14:41:32,2020-02-27 14:32:36,2020-03-01 14:32:36,False
245,1000,2020-02-21 15:00:42,2020-02-24 19:56:28,2020-02-27 19:56:28,False
246,600,2020-02-21 15:14:57,2020-02-24 18:04:31,2020-02-26 18:04:31,True
247,16450,2020-02-21 15:39:41,2020-02-24 04:00:38,2020-02-27 04:00:38,False
248,5,2020-02-21 16:00:33,2020-02-25 22:20:08,2020-02-28 22:20:08,False
249,550,2020-02-21 16:02:45,2020-02-25 23:22:00,2020-02-28 23:22:00,False
250,5,2020-02-21 16:11:24,2020-02-25 05:14:36,2020-02-28 05:14:36,False
251,250,2020-02-21 16:12:25,2020-02-25 11:55:39,2020-02-28 11:55:39,False
252,800,2020-02-21 16:22:30,2020-02-24 19:53:18,2020-02-27 19:53:18,False
253,550,2020-02-21 16:23:21,2020-02-24 16:46:52,2020-02-26 16:46:52,True
254,5,2020-02-21 16:25:46,2020-02-23 21:51:20,2020-02-26 21:51:20,False
255,5,2020-02-21 16:32:18,2020-02-23 21:57:46,2020-02-25 21:57:46,True
256,5,2020-02-21 16:35:16,2020-02-25 23:21:27,2020-02-28 23:21:27,False
257,350,2020-02-21 16:41:45,2020-02-25 06:51:44,2020-02-28 06:51:44,False
258,500,2020-02-21 16:44:54,2020-02-24 00:11:42,2020-02-27 00:11:42,False
259,5,2020-02-21 16:50:34,2020-02-24 00:15:29,2020-02-27 00:15:29,False
260,500,2020-02-21 16:52:59,2020-02-29 02:06:24,2020-03-02 02:06:24,True
261,300,2020-02-21 16:56:38,2020-02-25 04:10:59,2020-02-27 04:10:59,True
262,800,2020-02-21 17:11:09,2020-02-25 11:07:04,2020-02-28 11:07:04,False
263,500,2020-02-21 17:14:13,2020-02-25 04:29:42,2020-02-28 04:29:42,False
264,1200,2020-02-21 17:15:52,2020-02-25 13:58:17,2020-02-27 13:58:17,True
265,300,2020-02-21 17:20:00,2020-02-25 11:04:25,2020-02-28 11:04:25,False
266,5,2020-02-21 17:36:17,2020-02-25 02:01:11,2020-02-28 02:01:11,False
267,5,2020-02-21 17:49:49,2020-02-28 08:27:25,2020-03-02 08:27:25,False
268,5,2020-02-21 18:04:29,2020-02-24 14:48:59,2020-02-27 14:48:59,False
269,450,2020-02-21 18:06:22,2020-02-27 06:31:33,2020-03-01 06:31:33,False
270,500,2020-02-21 18:19:50,2020-02-25 02:19:30,2020-02-27 02:19:30,True
271,900,2020-02-21 18:22:04,2020-02-28 00:25:30,2020-03-02 00:25:30,False
272,300,2020-02-21 18:23:10,2020-02-25 16:26:04,2020-02-27 16:26:04,True
273,5,2020-02-21 18:25:14,2020-02-25 05:03:03,2020-02-28 05:03:03,False
274,5,2020-02-21 18:35:55,2020-02-24 09:04:38,2020-02-26 09:04:38,True
275,700,2020-02-21 18:43:16,2020-02-25 13:19:26,2020-02-28 13:19:26,False
276,250,2020-02-21 18:44:58,2020-02-26 07:24:43,2020-02-28 07:24:43,True
277,400,2020-02-21 18:46:08,2020-02-24 08:44:28,2020-02-26 08:44:28,True
278,700,2020-02-21 18:48:42,2020-02-26 13:53:07,2020-02-29 13:53:07,False
279,200,2020-02-21 18:53:39,2020-02-26 18:36:04,2020-02-29 18:36:04,False
280,700,2020-02-21 18:53:48,2020-02-25 03:37:00,2020-02-27 03:37:00,True
281,500,2020-02-21 18:55:07,2020-02-25 10:33:06,2020-02-28 10:33:06,False
282,300,2020-02-21 18:55:17,2020-02-25 05:42:25,2020-02-28 05:42:25,False
283,650,2020-02-21 18:57:01,2020-02-25 12:41:40,2020-02-27 12:41:40,True
284,250,2020-02-21 19:03:23,2020-02-26 13:17:09,2020-02-29 13:17:09,False
285,1200,2020-02-21 19:04:04,2020-02-28 09:16:26,2020-03-02 09:16:26,False
286,950,2020-02-21 19:12:16,2020-02-27 03:27:35,2020-02-29 03:27:35,True
287,5,2020-02-21 19:13:06,2020-02-26 04:11:18,2020-02-29 04:11:18,False
288,7150,2020-02-21 19:22:03,2020-02-24 09:09:14,2020-02-27 09:09:14,False
289,750,2020-02-21 19:23:14,2020-02-25 08:49:54,2020-02-28 08:49:54,False
290,550,2020-02-21 19:31:10,2020-02-24 13:24:32,2020-02-26 13:24:32,True
291,300,2020-02-21 19:33:40,2020-02-26 19:39:05,2020-02-29 19:39:05,False
292,300,2020-02-21 19:34:52,2020-02-26 10:38:14,2020-02-29 10:38:14,False
293,300,2020-02-21 19:48:02,2020-02-24 13:17:06,2020-02-26 13:17:06,True
294,350,2020-02-21 19:48:15,2020-02-25 02:00:35,2020-02-27 02:00:35,True
295,300,2020-02-21 19:55:34,2020-02-25 07:57:10,2020-02-28 07:57:10,False
296,250,2020-02-21 20:02:30,2020-02-24 22:06:02,2020-02-27 22:06:02,False
297,450,2020-02-21 20:05:45,2020-02-28 18:10:33,2020-03-02 18:10:33,False
298,950,2020-02-21 20:09:59,2020-02-24 06:16:07,2020-02-27 06:16:07,False
299,750,2020-02-21 20:10:19,2020-02-24 06:52:22,2020-02-27 06:52:22,False
300,600,2020-02-21 20:10:22,2020-02-25 23:05:18,2020-02-28 23:05:18,False
301,5,2020-02-21 20:10:35,2020-02-25 19:24:30,2020-02-27 19:24:30,True
302,350,2020-02-21 20:25:33,2020-02-27 07:28:17,2020-03-01 07:28:17,False
303,5,2020-02-21 20:26:07,2020-02-25 08:55:42,2020-02-27 08:55:42,True
304,5,2020-02-21 20:30:29,2020-02-25 01:17:05,2020-02-27 01:17:05,True
305,350,2020-02-21 20:31:10,2020-02-25 22:38:48,2020-02-28 22:38:48,False
306,5,2020-02-21 20:33:49,2020-02-26 23:34:39,2020-02-29 23:34:39,False
307,5,2020-02-21 20:38:12,2020-02-25 13:23:03,2020-02-28 13:23:03,False
308,5,2020-02-21 20:48:20,2020-02-27 22:52:11,2020-03-01 22:52:11,False
309,23050,2020-02-21 20:50:42,2020-02-25 19:50:31,2020-02-28 19:50:31,False
310,650,2020-02-21 21:00:52,2020-02-24 03:05:35,2020-02-27 03:05:35,False
311,5,2020-02-21 21:03:26,2020-02-28 02:34:27,2020-03-02 02:34:27,False
312,5,2020-02-21 21:07:24,2020-02-24 11:27:20,2020-02-27 11:27:20,False
313,900,2020-02-21 21:12:13,2020-02-27 08:54:18,2020-03-01 08:54:18,False
314,650,2020-02-21 21:15:16,2020-02-27 20:20:42,2020-03-01 20:20:42,False
315,250,2020-02-21 21:27:21,2020-02-25 06:57:57,2020-02-27 06:57:57,True
316,1600,2020-02-21 21:29:36,2020-02-26 16:55:11,2020-02-29 16:55:11,False
317,7700,2020-02-21 21:31:40,2020-02-27 00:54:20,2020-03-01 00:54:20,False
318,300,2020-02-21 21:37:50,2020-02-28 10:11:45,2020-03-02 10:11:45,False
319,100,2020-02-21 21:45:04,2020-02-28 03:22:26,2020-03-02 03:22:26,False
320,250,2020-02-21 21:50:30,2020-02-28 05:41:54,2020-03-02 05:41:54,False
321,350,2020-02-21 21:57:42,2020-02-25 14:03:07,2020-02-28 14:03:07,False
322,23100,2020-02-21 22:00:19,2020-02-27 14:19:14,2020-03-01 14:19:14,False
323,5,2020-02-21 22:08:32,2020-02-25 14:37:22,2020-02-28 14:37:22,False
324,3000,2020-02-21 22:10:31,2020-02-27 19:59:27,2020-03-01 19:59:27,False
325,450,2020-02-21 22:45:15,2020-02-26 17:45:05,2020-02-29 17:45:05,False
326,400,2020-02-21 22:53:28,2020-02-26 09:10:36,2020-02-29 09:10:36,False
327,9950,2020-02-21 23:02:17,2020-02-25 19:12:31,2020-02-28 19:12:31,False
328,200,2020-02-21 23:03:28,2020-02-25 02:52:28,2020-02-28 02:52:28,False
329,5,2020-02-21 23:08:15,2020-02-25 07:32:06,2020-02-28 07:32:06,False
330,550,2020-02-21 23:30:01,2020-02-25 11:12:33,2020-02-28 11:12:33,False
331,1100,2020-02-21 23:32:58,2020-02-26 03:58:37,2020-02-29 03:58:37,False
332,800,2020-02-22 00:17:59,2020-02-25 16:00:02,2020-02-27 16:00:02,True
333,5,2020-02-22 00:27:46,2020-02-25 04:24:10,2020-02-28 04:24:10,False
334,5,2020-02-22 04:58:29,2020-02-27 15:33:32,2020-03-01 15:33:32,False
335,1800,2020-02-22 05:35:47,2020-02-25 02:01:36,2020-02-27 02:01:36,True
336,250,2020-02-22 06:46:53,2020-02-24 19:51:30,2020-02-27 19:51:30,False
337,5,2020-02-22 07:11:16,2020-02-24 09:01:21,2020-02-27 09:01:21,False
338,650,2020-02-22 07:20:30,2020-02-25 03:34:38,2020-02-28 03:34:38,False
339,100,2020-02-22 07:24:46,2020-02-25 00:00:08,2020-02-27 00:00:08,True
340,850,2020-02-22 07:26:44,2020-02-26 02:28:04,2020-02-29 02:28:04,False
341,6500,2020-02-22 07:37:44,2020-02-26 16:32:25,2020-02-29 16:32:25,False
342,1550,2020-02-22 08:01:44,2020-02-25 13:38:57,2020-02-28 13:38:57,False
343,1050,2020-02-22 08:17:53,2020-02-24 02:00:59,2020-02-27 02:00:59,False
344,500,2020-02-22 08:22:15,2020-02-26 16:47:30,2020-02-29 16:47:30,False
345,850,2020-02-22 08:29:18,2020-02-26 03:41:33,2020-02-28 03:41:33,True
346,350,2020-02-22 08:37:36,2020-02-26 10:08:55,2020-02-29 10:08:55,False
347,10,2020-02-22 08:45:25,2020-03-01 00:09:36,2020-03-03 00:09:36,True
348,900,2020-02-22 08:54:39,2020-02-25 11:59:03,2020-02-27 11:59:03,True
349,23010,2020-02-22 08:55:06,2020-02-26 19:20:56,2020-02-28 19:20:56,True
350,950,2020-02-22 09:05:57,2020-02-26 02:40:01,2020-02-28 02:40:01,True
351,600,2020-02-22 09:20:34,2020-02-24 15:48:44,2020-02-27 15:48:44,False
352,550,2020-02-22 09:22:15,2020-02-27 08:07:04,2020-03-01 08:07:04,False
353,25100,2020-02-22 09:29:54,2020-02-25 02:27:56,2020-02-28 02:27:56,False
354,5,2020-02-22 09:34:29,2020-02-24 16:27:20,2020-02-27 16:27:20,False
355,5,2020-02-22 09:50:15,2020-02-25 19:48:12,2020-02-27 19:48:12,True
356,1000,2020-02-22 09:53:08,2020-02-25 03:10:18,2020-02-28 03:10:18,False
357,350,2020-02-22 09:59:17,2020-02-26 09:02:05,2020-02-29 09:02:05,False
358,200,2020-02-22 10:09:48,2020-02-25 04:13:50,2020-02-27 04:13:50,True
359,700,2020-02-22 10:17:26,2020-02-25 08:40:38,2020-02-28 08:40:38,False
360,3350,2020-02-22 10:21:07,2020-02-26 22:06:58,2020-02-29 22:06:58,False
361,1550,2020-02-22 10:27:33,2020-02-26 07:52:52,2020-02-29 07:52:52,False
362,4200,2020-02-22 10:30:11,2020-02-24 10:37:21,2020-02-27 10:37:21,False
363,1100,2020-02-22 10:31:05,2020-02-26 13:27:31,2020-02-29 13:27:31,False
364,850,2020-02-22 10:34:37,2020-02-25 20:06:04,2020-02-28 20:06:04,False
365,14800,2020-02-22 10:38:56,2020-02-28 11:41:16,2020-03-02 11:41:16,False
366,300,2020-02-22 10:53:34,2020-02-25 02:21:25,2020-02-28 02:21:25,False
367,600,2020-02-22 10:55:24,2020-02-26 04:52:48,2020-02-29 04:52:48,False
368,700,2020-02-22 11:00:08,2020-02-24 11:55:23,2020-02-27 11:55:23,False
369,950,2020-02-22 11:07:25,2020-02-26 15:48:31,2020-02-29 15:48:31,False
370,600,2020-02-22 11:07:31,2020-02-25 23:55:12,2020-02-28 23:55:12,False
371,4600,2020-02-22 11:10:40,2020-02-26 01:21:37,2020-02-28 01:21:37,True
372,895,2020-02-22 11:11:19,2020-02-28 09:25:23,2020-03-02 09:25:23,False
373,400,2020-02-22 11:15:58,2020-02-26 13:27:12,2020-02-29 13:27:12,False
374,350,2020-02-22 11:22:06,2020-02-26 09:01:47,2020-02-29 09:01:47,False
375,10300,2020-02-22 11:24:47,2020-02-25 03:02:24,2020-02-28 03:02:24,False
376,2900,2020-02-22 11:26:09,2020-02-26 00:50:01,2020-02-29 00:50:01,False
377,5,2020-02-22 11:26:29,2020-02-25 15:55:13,2020-02-28 15:55:13,False
378,250,2020-02-22 11:33:07,2020-02-24 13:21:04,2020-02-27 13:21:04,False
379,250,2020-02-22 11:33:19,2020-02-25 15:05:11,2020-02-28 15:05:11,False
380,7650,2020-02-22 11:35:17,2020-02-25 18:36:34,2020-02-28 18:36:34,False
381,400,2020-02-22 11:40:12,2020-02-24 06:31:28,2020-02-27 06:31:28,False
382,800,2020-02-22 11:41:01,2020-02-26 00:53:09,2020-02-28 00:53:09,True
383,1500,2020-02-22 11:49:42,2020-02-24 17:40:07,2020-02-27 17:40:07,False
384,5,2020-02-22 12:01:55,2020-02-25 22:07:56,2020-02-27 22:07:56,True
385,650,2020-02-22 12:15:25,2020-02-27 08:16:20,2020-03-01 08:16:20,False
386,250,2020-02-22 12:25:38,2020-02-26 01:09:40,2020-02-29 01:09:40,False
387,1750,2020-02-22 12:28:05,2020-02-27 15:07:41,2020-03-01 15:07:41,False
388,1450,2020-02-22 12:30:17,2020-02-29 08:17:46,2020-03-02 08:17:46,True
389,500,2020-02-22 12:31:20,2020-02-29 14:20:17,2020-03-03 14:20:17,False
390,3300,2020-02-22 12:41:28,2020-02-25 05:11:20,2020-02-28 05:11:20,False
391,1750,2020-02-22 12:43:03,2020-02-25 15:27:27,2020-02-28 15:27:27,False
392,5,2020-02-22 12:47:06,2020-02-28 08:11:32,2020-03-02 08:11:32,False
393,1100,2020-02-22 12:50:33,2020-02-25 05:49:37,2020-02-28 05:49:37,False
394,400,2020-02-22 12:52:10,2020-02-27 21:09:00,2020-03-01 21:09:00,False
395,400,2020-02-22 12:52:56,2020-02-27 19:17:16,2020-02-29 19:17:16,True
396,400,2020-02-22 12:56:38,2020-02-26 17:55:35,2020-02-29 17:55:35,False
397,150,2020-02-22 13:01:19,2020-02-25 15:25:57,2020-02-28 15:25:57,False
398,250,2020-02-22 13:02:42,2020-02-27 10:58:33,2020-02-29 10:58:33,True
399,350,2020-02-22 13:09:41,2020-02-29 04:16:39,2020-03-03 04:16:39,False
400,63000,2020-02-22 13:13:24,2020-02-27 22:35:08,2020-03-01 22:35:08,False
401,1100,2020-02-22 13:16:40,2020-02-25 02:53:02,2020-02-27 02:53:02,True
402,11550,2020-02-22 13:32:30,2020-02-25 18:48:21,2020-02-28 18:48:21,False
403,1050,2020-02-22 13:32:32,2020-02-25 14:53:58,2020-02-27 14:53:58,True
404,450,2020-02-22 13:34:54,2020-02-25 11:18:59,2020-02-28 11:18:59,False
405,10400,2020-02-22 13:41:37,2020-02-24 19:03:00,2020-02-27 19:03:00,False
406,300,2020-02-22 13:48:37,2020-02-25 09:51:24,2020-02-27 09:51:24,True
407,750,2020-02-22 14:02:45,2020-02-26 07:12:11,2020-02-28 07:12:11,True
408,450,2020-02-22 14:03:29,2020-02-25 10:10:48,2020-02-27 10:10:48,True
409,650,2020-02-22 14:09:28,2020-02-25 08:22:41,2020-02-27 08:22:41,True
410,5,2020-02-22 14:10:07,2020-02-25 20:14:18,2020-02-27 20:14:18,True
411,550,2020-02-22 14:17:59,2020-02-25 16:49:16,2020-02-27 16:49:16,True
412,200,2020-02-22 14:23:24,2020-02-29 15:49:13,2020-03-02 15:49:13,True
413,350,2020-02-22 14:37:11,2020-02-29 05:55:48,2020-03-02 05:55:48,True
414,600,2020-02-22 15:01:25,2020-02-25 13:45:03,2020-02-28 13:45:03,False
415,1150,2020-02-22 15:08:09,2020-02-27 13:02:34,2020-03-01 13:02:34,False
416,350,2020-02-22 15:25:10,2020-02-26 13:49:15,2020-02-29 13:49:15,False
417,2500,2020-02-22 15:44:41,2020-02-27 21:36:42,2020-03-01 21:36:42,False
418,150,2020-02-22 15:47:18,2020-02-27 22:00:00,2020-03-01 22:00:00,False
419,1050,2020-02-22 15:55:20,2020-02-27 08:13:14,2020-03-01 08:13:14,False
420,300,2020-02-22 15:56:07,2020-02-26 00:18:29,2020-02-29 00:18:29,False
421,5,2020-02-22 16:16:26,2020-02-26 11:54:04,2020-02-28 11:54:04,True
422,2600,2020-02-22 16:33:21,2020-02-25 16:58:38,2020-02-28 16:58:38,False
423,1350,2020-02-22 17:13:45,2020-02-27 04:26:44,2020-03-01 04:26:44,False
424,1000,2020-02-22 17:17:06,2020-02-25 21:52:31,2020-02-28 21:52:31,False
425,5,2020-02-22 17:17:45,2020-02-25 06:21:21,2020-02-28 06:21:21,False
426,1600,2020-02-22 17:19:16,2020-02-25 15:29:36,2020-02-27 15:29:36,True
427,3650,2020-02-22 17:22:32,2020-02-28 23:19:42,2020-03-02 23:19:42,False
428,3100,2020-02-22 17:24:39,2020-02-25 08:11:46,2020-02-28 08:11:46,False
429,5,2020-02-22 17:27:09,2020-02-25 20:40:21,2020-02-27 20:40:21,True
430,9300,2020-02-22 17:30:59,2020-02-26 10:13:50,2020-02-29 10:13:50,False
431,350,2020-02-22 17:33:11,2020-02-26 21:33:45,2020-02-29 21:33:45,False
432,5,2020-02-22 17:36:49,2020-02-25 17:02:47,2020-02-28 17:02:47,False
433,6500,2020-02-22 17:37:56,2020-02-26 02:33:52,2020-02-28 02:33:52,True
434,500,2020-02-22 17:40:40,2020-02-28 01:01:31,2020-03-01 01:01:31,True
435,950,2020-02-22 17:53:25,2020-02-25 09:30:34,2020-02-28 09:30:34,False
436,10,2020-02-22 17:56:42,2020-02-24 21:28:43,2020-02-27 21:28:43,False
437,550,2020-02-22 18:05:01,2020-02-26 09:13:18,2020-02-28 09:13:18,True
438,400,2020-02-22 18:08:41,2020-02-26 00:41:48,2020-02-28 00:41:48,True
439,400,2020-02-22 18:10:29,2020-02-26 13:11:51,2020-02-28 13:11:51,True
440,1150,2020-02-22 18:15:15,2020-02-25 08:22:11,2020-02-28 08:22:11,False
441,2350,2020-02-22 18:23:18,2020-02-26 03:38:43,2020-02-29 03:38:43,False
442,100,2020-02-22 18:28:01,2020-02-25 15:24:19,2020-02-28 15:24:19,False
443,550,2020-02-22 18:33:44,2020-02-26 01:17:54,2020-02-28 01:17:54,True
444,750,2020-02-22 18:37:03,2020-02-25 00:02:39,2020-02-28 00:02:39,False
445,7150,2020-02-22 18:43:37,2020-02-28 17:14:58,2020-03-02 17:14:58,False
446,650,2020-02-22 18:47:27,2020-02-27 20:47:53,2020-03-01 20:47:53,False
447,550,2020-02-22 18:50:29,2020-02-26 13:17:54,2020-02-28 13:17:54,True
448,5,2020-02-22 19:05:08,2020-02-24 16:54:25,2020-02-27 16:54:25,False
449,650,2020-02-22 19:11:00,2020-02-26 17:36:06,2020-02-29 17:36:06,False
450,5,2020-02-22 19:12:36,2020-02-26 08:00:11,2020-02-29 08:00:11,False
451,150,2020-02-22 19:19:13,2020-02-24 19:02:12,2020-02-27 19:02:12,False
452,5,2020-02-22 19:20:22,2020-02-26 08:41:58,2020-02-29 08:41:58,False
453,350,2020-02-22 19:23:40,2020-02-27 05:12:31,2020-03-01 05:12:31,False
454,800,2020-02-22 19:24:32,2020-02-27 16:56:09,2020-03-01 16:56:09,False
455,5,2020-02-22 19:24:40,2020-02-25 15:04:55,2020-02-28 15:04:55,False
456,1050,2020-02-22 19:25:36,2020-02-27 21:46:17,2020-03-01 21:46:17,False
457,2200,2020-02-22 19:50:45,2020-02-27 13:39:06,2020-03-01 13:39:06,False
458,550,2020-02-22 19:59:12,2020-02-28 09:06:52,2020-03-01 09:06:52,True
459,450,2020-02-22 20:09:46,2020-02-26 23:34:30,2020-02-29 23:34:30,False
460,5,2020-02-22 20:10:16,2020-02-28 07:39:23,2020-03-02 07:39:23,False
461,450,2020-02-22 20:12:15,2020-02-26 22:51:18,2020-02-28 22:51:18,True
462,3850,2020-02-22 20:12:56,2020-02-27 08:11:39,2020-03-01 08:11:39,False
463,26850,2020-02-22 20:20:09,2020-02-26 17:39:06,2020-02-29 17:39:06,False
464,300,2020-02-22 20:20:21,2020-02-27 08:14:33,2020-03-01 08:14:33,False
465,600,2020-02-22 20:20:49,2020-02-26 22:35:11,2020-02-28 22:35:11,True
466,1350,2020-02-22 20:24:20,2020-02-26 10:16:46,2020-02-29 10:16:46,False
467,250,2020-02-22 20:39:23,2020-02-28 04:12:07,2020-03-02 04:12:07,False
468,5,2020-02-22 20:49:29,2020-02-25 20:09:48,2020-02-27 20:09:48,True
469,100,2020-02-22 20:53:34,2020-02-26 06:21:50,2020-02-28 06:21:50,True
470,700,2020-02-22 21:01:06,2020-02-26 22:46:42,2020-02-29 22:46:42,False
471,5,2020-02-22 21:03:28,2020-02-26 17:13:16,2020-02-29 17:13:16,False
472,500,2020-02-22 21:06:57,2020-02-27 07:57:36,2020-03-01 07:57:36,False
473,6600,2020-02-22 21:07:31,2020-02-26 08:02:33,2020-02-29 08:02:33,False
474,5,2020-02-22 21:12:59,2020-02-25 04:25:58,2020-02-27 04:25:58,True
475,700,2020-02-22 21:19:39,2020-02-26 06:53:13,2020-02-29 06:53:13,False
476,300,2020-02-22 21:23:49,2020-02-25 22:07:37,2020-02-28 22:07:37,False
477,450,2020-02-22 21:25:12,2020-02-28 17:09:17,2020-03-02 17:09:17,False
478,950,2020-02-22 21:25:58,2020-02-27 10:21:13,2020-03-01 10:21:13,False
479,150,2020-02-22 21:27:16,2020-02-24 18:51:05,2020-02-26 18:51:05,True
480,700,2020-02-22 21:32:33,2020-03-01 23:33:23,2020-03-03 23:33:23,True
481,3700,2020-02-22 21:36:27,2020-02-27 02:05:04,2020-03-01 02:05:04,False
482,400,2020-02-22 21:47:03,2020-02-26 12:16:53,2020-02-29 12:16:53,False
483,400,2020-02-22 21:52:00,2020-02-27 02:45:16,2020-03-01 02:45:16,False
484,350,2020-02-22 21:52:00,2020-02-27 13:44:06,2020-02-29 13:44:06,True
485,1850,2020-02-22 21:59:49,2020-02-26 10:30:00,2020-02-29 10:30:00,False
486,550,2020-02-22 22:06:21,2020-03-01 17:25:22,2020-03-04 17:25:22,False
487,1050,2020-02-22 22:24:42,2020-02-26 10:52:57,2020-02-29 10:52:57,False
488,5,2020-02-22 22:31:54,2020-02-26 23:31:45,2020-02-29 23:31:45,False
489,600,2020-02-22 22:34:39,2020-02-25 15:58:17,2020-02-27 15:58:17,True
490,300,2020-02-22 22:39:17,2020-02-26 15:01:12,2020-02-28 15:01:12,True
491,15950,2020-02-22 22:43:39,2020-02-26 02:04:49,2020-02-28 02:04:49,True
492,5,2020-02-22 22:49:16,2020-02-26 10:07:02,2020-02-29 10:07:02,False
493,5,2020-02-22 22:51:30,2020-02-26 21:46:45,2020-02-29 21:46:45,False
494,2550,2020-02-22 23:07:29,2020-02-25 12:08:40,2020-02-28 12:08:40,False
495,5,2020-02-22 23:08:49,2020-02-27 12:19:54,2020-03-01 12:19:54,False
496,900,2020-02-22 23:13:13,2020-02-26 11:18:16,2020-02-29 11:18:16,False
497,5,2020-02-22 23:54:38,2020-02-25 21:23:03,2020-02-28 21:23:03,False
498,250,2020-02-23 00:03:31,2020-02-25 17:06:59,2020-02-28 17:06:59,False
499,700,2020-02-23 00:03:36,2020-02-25 01:23:55,2020-02-28 01:23:55,False
500,400,2020-02-23 00:08:36,2020-02-25 13:25:36,2020-02-28 13:25:36,False
501,5,2020-02-23 00:18:11,2020-02-25 03:29:28,2020-02-28 03:29:28,False
502,8400,2020-02-23 00:28:48,2020-02-25 22:19:52,2020-02-28 22:19:52,False
503,500,2020-02-23 00:29:10,2020-02-25 06:52:39,2020-02-28 06:52:39,False
504,950,2020-02-23 00:41:40,2020-02-26 22:13:25,2020-02-29 22:13:25,False
505,500,2020-02-23 01:06:30,2020-02-27 00:13:43,2020-02-29 00:13:43,True
506,5,2020-02-23 01:52:32,2020-02-28 08:38:47,2020-03-02 08:38:47,False
507,550,2020-02-23 06:42:23,2020-02-27 17:23:51,2020-03-01 17:23:51,False
508,600,2020-02-23 06:42:28,2020-02-28 18:13:04,2020-03-02 18:13:04,False
509,5,2020-02-23 07:27:21,2020-02-26 05:46:11,2020-02-28 05:46:11,True
510,850,2020-02-23 07:32:35,2020-02-27 13:15:17,2020-03-01 13:15:17,False
511,5,2020-02-23 07:53:22,2020-02-29 11:31:06,2020-03-03 11:31:06,False
512,5400,2020-02-23 08:38:15,2020-02-27 01:43:39,2020-03-01 01:43:39,False
513,5,2020-02-23 08:43:20,2020-02-28 02:25:57,2020-03-02 02:25:57,False
514,550,2020-02-23 08:47:24,2020-02-26 11:06:42,2020-02-28 11:06:42,True
515,600,2020-02-23 08:48:36,2020-02-25 19:46:23,2020-02-28 19:46:23,False
516,500,2020-02-23 09:02:19,2020-02-27 03:27:08,2020-03-01 03:27:08,False
517,500,2020-02-23 09:05:26,2020-02-27 20:39:34,2020-03-01 20:39:34,False
518,5,2020-02-23 09:13:22,2020-02-26 22:48:03,2020-02-28 22:48:03,True
519,550,2020-02-23 09:21:46,2020-02-26 02:54:05,2020-02-28 02:54:05,True
520,1450,2020-02-23 09:24:40,2020-02-27 21:32:32,2020-03-01 21:32:32,False
521,5,2020-02-23 09:33:20,2020-02-26 10:47:31,2020-02-29 10:47:31,False
522,5,2020-02-23 09:56:14,2020-02-27 03:20:13,2020-03-01 03:20:13,False
523,3900,2020-02-23 10:18:18,2020-02-27 03:59:47,2020-03-01 03:59:47,False
524,2650,2020-02-23 10:19:25,2020-02-26 04:40:59,2020-02-28 04:40:59,True
525,1200,2020-02-23 10:25:41,2020-02-28 00:33:50,2020-03-02 00:33:50,False
526,500,2020-02-23 10:26:52,2020-02-28 06:34:51,2020-03-01 06:34:51,True
527,5,2020-02-23 10:28:08,2020-02-27 03:30:53,2020-03-01 03:30:53,False
528,750,2020-02-23 10:28:36,2020-02-26 18:05:21,2020-02-29 18:05:21,False
529,1700,2020-02-23 10:28:48,2020-02-27 04:58:51,2020-03-01 04:58:51,False
530,5,2020-02-23 10:36:08,2020-02-27 07:48:10,2020-03-01 07:48:10,False
531,600,2020-02-23 10:38:46,2020-02-26 00:40:29,2020-02-29 00:40:29,False
532,450,2020-02-23 10:39:57,2020-02-26 18:33:33,2020-02-29 18:33:33,False
533,5,2020-02-23 10:41:56,2020-02-28 01:23:39,2020-03-02 01:23:39,False
534,5,2020-02-23 10:45:13,2020-02-25 08:48:18,2020-02-28 08:48:18,False
535,550,2020-02-23 10:49:28,2020-02-26 08:51:13,2020-02-28 08:51:13,True
536,500,2020-02-23 10:55:18,2020-02-27 16:08:03,2020-03-01 16:08:03,False
537,300,2020-02-23 11:01:20,2020-02-27 01:50:13,2020-03-01 01:50:13,False
538,550,2020-02-23 11:13:42,2020-02-26 10:54:59,2020-02-28 10:54:59,True
539,250,2020-02-23 11:13:58,2020-02-28 08:52:23,2020-03-01 08:52:23,True
540,1000,2020-02-23 11:17:36,2020-02-27 16:26:49,2020-03-01 16:26:49,False
541,5,2020-02-23 11:19:38,2020-02-27 14:24:15,2020-03-01 14:24:15,False
542,5,2020-02-23 11:24:52,2020-02-28 02:42:54,2020-03-02 02:42:54,False
543,5,2020-02-23 11:25:49,2020-02-28 11:11:22,2020-03-02 11:11:22,False
544,250,2020-02-23 11:26:58,2020-02-27 17:38:50,2020-02-29 17:38:50,True
545,850,2020-02-23 11:27:13,2020-02-29 17:37:33,2020-03-03 17:37:33,False
546,5,2020-02-23 11:32:19,2020-02-25 17:39:15,2020-02-28 17:39:15,False
547,550,2020-02-23 11:37:43,2020-02-26 07:09:36,2020-02-28 07:09:36,True
548,300,2020-02-23 11:38:00,2020-02-28 09:20:20,2020-03-02 09:20:20,False
549,5,2020-02-23 11:47:53,2020-02-27 18:16:53,2020-03-01 18:16:53,False
550,5,2020-02-23 11:53:30,2020-02-26 13:01:11,2020-02-29 13:01:11,False
551,400,2020-02-23 12:04:44,2020-02-27 11:36:17,2020-02-29 11:36:17,True
552,700,2020-02-23 12:05:53,2020-02-27 18:33:18,2020-03-01 18:33:18,False
553,500,2020-02-23 12:11:07,2020-02-26 08:07:58,2020-02-29 08:07:58,False
554,1650,2020-02-23 12:13:26,2020-02-26 18:53:23,2020-02-29 18:53:23,False
555,500,2020-02-23 12:18:42,2020-02-26 19:05:14,2020-02-29 19:05:14,False
556,5,2020-02-23 12:20:34,2020-02-26 00:17:35,2020-02-28 00:17:35,True
557,600,2020-02-23 12:36:28,2020-02-28 04:13:23,2020-03-01 04:13:23,True
558,550,2020-02-23 12:38:57,2020-02-26 22:51:41,2020-02-28 22:51:41,True
559,1550,2020-02-23 12:41:34,2020-03-02 12:00:58,2020-03-05 12:00:58,False
560,400,2020-02-23 12:41:40,2020-02-27 20:18:26,2020-03-01 20:18:26,False
561,400,2020-02-23 12:54:45,2020-03-03 06:34:07,2020-03-06 06:34:07,False
562,850,2020-02-23 12:57:21,2020-02-27 00:16:19,2020-03-01 00:16:19,False
563,400,2020-02-23 12:59:29,2020-02-28 07:42:07,2020-03-01 07:42:07,True
564,5,2020-02-23 13:04:52,2020-02-26 03:57:38,2020-02-29 03:57:38,False
565,1550,2020-02-23 13:08:10,2020-02-27 20:21:23,2020-02-29 20:21:23,True
566,600,2020-02-23 13:09:18,2020-02-26 01:20:09,2020-02-29 01:20:09,False
567,600,2020-02-23 13:13:12,2020-02-26 11:27:42,2020-02-29 11:27:42,False
568,600,2020-02-23 13:17:27,2020-02-28 20:30:57,2020-03-02 20:30:57,False
569,658,2020-02-23 13:17:56,2020-02-26 07:04:59,2020-02-29 07:04:59,False
570,5,2020-02-23 13:25:50,2020-02-27 04:59:31,2020-03-01 04:59:31,False
571,12400,2020-02-23 13:28:21,2020-02-27 03:02:20,2020-03-01 03:02:20,False
572,5,2020-02-23 13:32:50,2020-02-28 08:45:15,2020-03-02 08:45:15,False
573,550,2020-02-23 13:39:38,2020-02-26 15:06:27,2020-02-29 15:06:27,False
574,1100,2020-02-23 13:47:18,2020-02-26 23:41:47,2020-02-29 23:41:47,False
575,5,2020-02-23 13:47:44,2020-02-27 09:41:49,2020-03-01 09:41:49,False
576,5,2020-02-23 13:49:34,2020-02-29 16:56:09,2020-03-02 16:56:09,True
577,350,2020-02-23 14:07:07,2020-02-25 22:03:46,2020-02-28 22:03:46,False
578,5,2020-02-23 14:07:57,2020-02-26 02:27:52,2020-02-29 02:27:52,False
579,750,2020-02-23 14:14:40,2020-02-26 12:20:14,2020-02-29 12:20:14,False
580,5,2020-02-23 14:16:10,2020-02-28 11:08:46,2020-03-02 11:08:46,False
581,1200,2020-02-23 14:19:53,2020-02-29 02:21:34,2020-03-02 02:21:34,True
582,1150,2020-02-23 14:23:35,2020-02-28 02:48:15,2020-03-01 02:48:15,True
583,600,2020-02-23 14:33:17,2020-02-27 06:21:19,2020-02-29 06:21:19,True
584,5,2020-02-23 14:37:39,2020-02-29 16:15:00,2020-03-02 16:15:00,True
585,250,2020-02-23 14:39:48,2020-02-28 06:13:44,2020-03-02 06:13:44,False
586,550,2020-02-23 14:39:55,2020-02-27 20:46:48,2020-03-01 20:46:48,False
587,400,2020-02-23 14:43:59,2020-02-28 17:16:57,2020-03-02 17:16:57,False
588,400,2020-02-23 14:49:46,2020-02-25 23:26:26,2020-02-28 23:26:26,False
589,900,2020-02-23 15:14:09,2020-02-28 06:50:42,2020-03-02 06:50:42,False
590,450,2020-02-23 15:45:53,2020-02-26 15:33:34,2020-02-29 15:33:34,False
591,700,2020-02-23 16:49:59,2020-02-27 06:57:17,2020-03-01 06:57:17,False
592,5,2020-02-23 16:52:10,2020-02-27 18:32:44,2020-03-01 18:32:44,False
593,350,2020-02-23 16:55:17,2020-02-27 14:55:46,2020-03-01 14:55:46,False
594,1750,2020-02-23 16:57:06,2020-03-02 09:48:36,2020-03-05 09:48:36,False
595,950,2020-02-23 17:03:54,2020-02-25 07:10:16,2020-02-27 07:10:16,True
596,550,2020-02-23 17:06:35,2020-02-27 01:38:32,2020-03-01 01:38:32,False
597,500,2020-02-23 17:14:31,2020-02-26 11:37:27,2020-02-28 11:37:27,True
598,5,2020-02-23 17:16:15,2020-02-27 08:42:38,2020-03-01 08:42:38,False
599,1200,2020-02-23 17:36:18,2020-02-26 17:37:04,2020-02-28 17:37:04,True
600,300,2020-02-23 17:38:04,2020-02-28 02:51:39,2020-03-01 02:51:39,True
601,400,2020-02-23 17:45:10,2020-02-26 06:44:14,2020-02-28 06:44:14,True
602,700,2020-02-23 17:51:00,2020-03-03 04:42:57,2020-03-06 04:42:57,False
603,600,2020-02-23 17:57:54,2020-02-27 21:51:19,2020-03-01 21:51:19,False
604,750,2020-02-23 17:59:36,2020-03-01 18:00:10,2020-03-03 18:00:10,True
605,300,2020-02-23 18:15:55,2020-02-28 13:56:40,2020-03-02 13:56:40,False
606,1450,2020-02-23 18:16:59,2020-02-27 16:27:35,2020-03-01 16:27:35,False
607,3500,2020-02-23 18:25:16,2020-02-28 14:10:25,2020-03-01 14:10:25,True
608,400,2020-02-23 18:27:54,2020-02-26 20:33:27,2020-02-29 20:33:27,False
609,1000,2020-02-23 18:38:24,2020-02-26 00:35:02,2020-02-29 00:35:02,False
610,950,2020-02-23 18:39:49,2020-02-28 19:24:23,2020-03-01 19:24:23,True
611,5,2020-02-23 18:48:59,2020-02-27 07:26:14,2020-02-29 07:26:14,True
612,250,2020-02-23 18:52:38,2020-03-01 12:00:18,2020-03-04 12:00:18,False
613,400,2020-02-23 19:06:26,2020-02-26 18:34:12,2020-02-29 18:34:12,False
614,5,2020-02-23 19:15:41,2020-02-28 15:18:37,2020-03-02 15:18:37,False
615,250,2020-02-23 19:17:03,2020-02-28 22:07:43,2020-03-02 22:07:43,False
616,400,2020-02-23 19:17:35,2020-02-27 09:25:47,2020-02-29 09:25:47,True
617,5,2020-02-23 19:20:10,2020-03-01 02:42:13,2020-03-03 02:42:13,True
618,1550,2020-02-23 19:24:20,2020-02-25 19:33:26,2020-02-28 19:33:26,False
619,950,2020-02-23 19:24:33,2020-03-01 01:09:51,2020-03-04 01:09:51,False
620,5,2020-02-23 19:30:21,2020-02-27 00:01:37,2020-02-29 00:01:37,True
621,5,2020-02-23 19:34:15,2020-02-26 14:44:02,2020-02-29 14:44:02,False
622,5,2020-02-23 19:44:52,2020-02-27 01:50:47,2020-02-29 01:50:47,True
623,5,2020-02-23 19:56:42,2020-03-01 09:19:52,2020-03-04 09:19:52,False
624,350,2020-02-23 20:00:42,2020-02-26 06:56:35,2020-02-29 06:56:35,False
625,450,2020-02-23 20:01:25,2020-02-27 15:00:56,2020-03-01 15:00:56,False
626,5,2020-02-23 20:01:28,2020-02-27 08:29:03,2020-03-01 08:29:03,False
627,350,2020-02-23 20:02:57,2020-02-28 07:22:03,2020-03-02 07:22:03,False
628,5,2020-02-23 20:05:36,2020-02-26 12:23:27,2020-02-29 12:23:27,False
629,850,2020-02-23 20:09:00,2020-02-26 01:50:25,2020-02-29 01:50:25,False
630,400,2020-02-23 20:17:16,2020-02-27 13:35:54,2020-03-01 13:35:54,False
631,18950,2020-02-23 20:26:00,2020-02-27 08:13:25,2020-03-01 08:13:25,False
632,5,2020-02-23 20:27:52,2020-02-26 09:31:37,2020-02-29 09:31:37,False
633,1250,2020-02-23 20:32:34,2020-02-29 06:38:22,2020-03-03 06:38:22,False
634,3750,2020-02-23 20:40:08,2020-02-28 13:29:41,2020-03-02 13:29:41,False
635,350,2020-02-23 20:42:24,2020-02-27 23:52:22,2020-03-01 23:52:22,False
636,5,2020-02-23 20:43:18,2020-02-26 21:53:33,2020-02-29 21:53:33,False
637,200,2020-02-23 20:44:18,2020-02-25 20:04:19,2020-02-28 20:04:19,False
638,5,2020-02-23 20:45:10,2020-03-01 17:52:36,2020-03-04 17:52:36,False
639,550,2020-02-23 20:46:54,2020-02-26 10:38:36,2020-02-28 10:38:36,True
640,5,2020-02-23 20:56:23,2020-02-28 07:04:17,2020-03-02 07:04:17,False
641,400,2020-02-23 20:58:38,2020-02-28 17:31:31,2020-03-02 17:31:31,False
642,272,2020-02-23 21:01:38,2020-02-26 13:21:15,2020-02-29 13:21:15,False
643,450,2020-02-23 21:01:44,2020-02-26 12:47:43,2020-02-29 12:47:43,False
644,450,2020-02-23 21:16:21,2020-02-25 22:05:36,2020-02-27 22:05:36,True
645,5,2020-02-23 21:20:59,2020-02-28 21:34:12,2020-03-02 21:34:12,False
646,1550,2020-02-23 21:24:26,2020-02-28 10:14:59,2020-03-01 10:14:59,True
647,600,2020-02-23 21:26:33,2020-02-29 11:03:56,2020-03-03 11:03:56,False
648,250,2020-02-23 21:31:28,2020-02-26 02:00:55,2020-02-29 02:00:55,False
649,500,2020-02-23 21:31:37,2020-02-27 10:34:53,2020-03-01 10:34:53,False
650,400,2020-02-23 21:52:57,2020-02-27 08:42:20,2020-02-29 08:42:20,True
651,400,2020-02-23 22:08:41,2020-02-27 19:49:45,2020-03-01 19:49:45,False
652,650,2020-02-23 22:17:56,2020-02-27 07:28:57,2020-02-29 07:28:57,True
653,500,2020-02-23 22:44:52,2020-02-29 14:00:03,2020-03-02 14:00:03,True
654,650,2020-02-23 22:45:15,2020-02-29 19:52:31,2020-03-03 19:52:31,False
655,5,2020-02-23 22:46:41,2020-02-27 05:58:35,2020-03-01 05:58:35,False
656,450,2020-02-23 22:51:35,2020-02-26 17:18:34,2020-02-29 17:18:34,False
657,400,2020-02-23 22:52:12,2020-02-27 17:52:00,2020-03-01 17:52:00,False
658,250,2020-02-23 23:14:03,2020-02-29 08:15:21,2020-03-03 08:15:21,False
659,5,2020-02-23 23:19:15,2020-02-27 04:49:10,2020-03-01 04:49:10,False
660,5,2020-02-23 23:21:17,2020-02-26 12:04:00,2020-02-29 12:04:00,False
661,600,2020-02-23 23:54:14,2020-03-01 22:52:38,2020-03-04 22:52:38,False
662,350,2020-02-23 23:54:58,2020-02-29 06:32:24,2020-03-03 06:32:24,False
663,5,2020-02-23 23:58:35,2020-02-27 09:21:46,2020-03-01 09:21:46,False
664,1350,2020-02-24 00:02:13,2020-02-29 01:38:30,2020-03-02 01:38:30,True
665,1650,2020-02-24 00:13:27,2020-02-27 11:56:33,2020-03-01 11:56:33,False
666,750,2020-02-24 00:18:46,2020-02-27 08:22:50,2020-02-29 08:22:50,True
667,4450,2020-02-24 00:21:02,2020-02-26 05:01:31,2020-02-29 05:01:31,False
668,600,2020-02-24 00:31:29,2020-02-28 10:29:19,2020-03-02 10:29:19,False
669,450,2020-02-24 00:54:02,2020-02-26 10:27:05,2020-02-29 10:27:05,False
670,400,2020-02-24 00:58:30,2020-02-29 09:13:21,2020-03-02 09:13:21,True
671,8050,2020-02-24 01:01:08,2020-02-27 05:56:30,2020-03-01 05:56:30,False
672,400,2020-02-24 01:04:19,2020-02-27 02:28:37,2020-03-01 02:28:37,False
673,5,2020-02-24 01:27:20,2020-02-27 17:17:08,2020-03-01 17:17:08,False
674,5,2020-02-24 07:42:33,2020-02-28 03:19:51,2020-03-02 03:19:51,False
675,5,2020-02-24 07:46:28,2020-02-26 17:46:34,2020-02-29 17:46:34,False
676,450,2020-02-24 08:00:57,2020-02-28 01:26:24,2020-03-02 01:26:24,False
677,1550,2020-02-24 08:28:24,2020-02-29 01:34:58,2020-03-02 01:34:58,True
678,300,2020-02-24 08:29:28,2020-02-27 23:25:48,2020-03-01 23:25:48,False
679,5,2020-02-24 08:47:14,2020-02-27 12:04:43,2020-03-01 12:04:43,False
680,850,2020-02-24 08:47:53,2020-02-28 03:03:39,2020-03-01 03:03:39,True
681,5,2020-02-24 08:50:11,2020-02-28 08:32:32,2020-03-02 08:32:32,False
682,1150,2020-02-24 08:51:33,2020-02-29 01:25:30,2020-03-03 01:25:30,False
683,5,2020-02-24 08:54:44,2020-03-01 02:31:16,2020-03-04 02:31:16,False
684,750,2020-02-24 08:57:34,2020-02-28 15:42:45,2020-03-02 15:42:45,False
685,5,2020-02-24 08:59:55,2020-02-27 16:49:06,2020-03-01 16:49:06,False
686,50,2020-02-24 09:06:02,2020-02-27 10:52:21,2020-03-01 10:52:21,False
687,5,2020-02-24 09:15:00,2020-02-28 00:41:43,2020-03-02 00:41:43,False
688,5,2020-02-24 09:25:47,2020-02-27 04:10:39,2020-02-29 04:10:39,True
689,1100,2020-02-24 09:32:28,2020-02-27 08:40:11,2020-03-01 08:40:11,False
690,5,2020-02-24 09:38:22,2020-02-27 12:16:45,2020-03-01 12:16:45,False
691,1250,2020-02-24 09:41:41,2020-02-27 01:49:58,2020-03-01 01:49:58,False
692,5,2020-02-24 09:41:46,2020-02-29 08:58:35,2020-03-03 08:58:35,False
693,30100,2020-02-24 09:44:40,2020-02-28 03:55:53,2020-03-02 03:55:53,False
694,1800,2020-02-24 09:54:29,2020-02-26 14:21:51,2020-02-29 14:21:51,False
695,1200,2020-02-24 10:05:05,2020-02-28 09:35:44,2020-03-02 09:35:44,False
696,1500,2020-02-24 10:09:18,2020-02-27 20:38:11,2020-02-29 20:38:11,True
697,550,2020-02-24 10:14:14,2020-02-28 04:56:33,2020-03-02 04:56:33,False
698,900,2020-02-24 10:24:08,2020-02-27 15:33:15,2020-03-01 15:33:15,False
699,1550,2020-02-24 10:44:03,2020-02-29 03:57:33,2020-03-03 03:57:33,False
700,700,2020-02-24 10:46:17,2020-02-27 06:14:23,2020-02-29 06:14:23,True
701,5,2020-02-24 10:47:04,2020-03-03 20:27:23,2020-03-06 20:27:23,False
702,10950,2020-02-24 10:54:02,2020-02-27 14:32:44,2020-02-29 14:32:44,True
703,1550,2020-02-24 10:55:58,2020-02-28 08:56:30,2020-03-02 08:56:30,False
704,1150,2020-02-24 10:56:22,2020-02-27 04:55:41,2020-03-01 04:55:41,False
705,5,2020-02-24 10:56:42,2020-02-28 23:32:05,2020-03-01 23:32:05,True
706,300,2020-02-24 10:56:45,2020-02-29 06:13:58,2020-03-03 06:13:58,False
707,600,2020-02-24 11:02:57,2020-02-26 22:14:20,2020-02-28 22:14:20,True
708,750,2020-02-24 11:08:11,2020-02-26 19:53:14,2020-02-29 19:53:14,False
709,900,2020-02-24 11:18:42,2020-02-27 14:51:02,2020-03-01 14:51:02,False
710,1050,2020-02-24 11:22:01,2020-02-28 10:42:26,2020-03-02 10:42:26,False
711,400,2020-02-24 11:29:20,2020-02-26 23:53:47,2020-02-29 23:53:47,False
712,850,2020-02-24 11:31:57,2020-02-28 03:10:13,2020-03-02 03:10:13,False
713,5,2020-02-24 11:35:35,2020-02-27 13:31:22,2020-02-29 13:31:22,True
714,300,2020-02-24 11:38:29,2020-02-29 06:24:56,2020-03-03 06:24:56,False
715,5,2020-02-24 11:42:39,2020-02-28 09:53:41,2020-03-02 09:53:41,False
716,1150,2020-02-24 11:48:12,2020-02-28 19:49:31,2020-03-02 19:49:31,False
717,5,2020-02-24 11:51:21,2020-02-27 20:22:56,2020-03-01 20:22:56,False
718,14000,2020-02-24 11:51:30,2020-02-28 16:07:17,2020-03-01 16:07:17,True
719,5,2020-02-24 11:55:16,2020-02-29 06:19:34,2020-03-03 06:19:34,False
720,400,2020-02-24 11:56:02,2020-02-29 17:00:28,2020-03-02 17:00:28,True
721,1200,2020-02-24 11:58:47,2020-02-26 17:00:13,2020-02-28 17:00:13,True
722,5,2020-02-24 12:05:53,2020-03-01 15:46:11,2020-03-04 15:46:11,False
723,1450,2020-02-24 12:06:53,2020-02-29 20:38:55,2020-03-02 20:38:55,True
724,950,2020-02-24 12:10:21,2020-02-29 20:17:04,2020-03-03 20:17:04,False
725,5,2020-02-24 12:10:38,2020-02-29 04:28:19,2020-03-03 04:28:19,False
726,5,2020-02-24 12:15:38,2020-03-01 04:16:58,2020-03-04 04:16:58,False
727,5,2020-02-24 12:16:20,2020-03-04 02:42:02,2020-03-06 02:42:02,True
728,320,2020-02-24 12:16:55,2020-03-02 07:40:35,2020-03-05 07:40:35,False
729,600,2020-02-24 12:16:57,2020-02-28 23:43:55,2020-03-01 23:43:55,True
730,550,2020-02-24 12:23:34,2020-02-27 12:17:40,2020-03-01 12:17:40,False
731,1200,2020-02-24 12:49:49,2020-02-27 09:10:17,2020-03-01 09:10:17,False
732,550,2020-02-24 12:52:23,2020-02-28 03:10:36,2020-03-01 03:10:36,True
733,14900,2020-02-24 12:59:28,2020-02-28 01:14:11,2020-03-01 01:14:11,True
734,250,2020-02-24 12:59:42,2020-02-29 18:35:36,2020-03-03 18:35:36,False
735,25000,2020-02-24 13:00:40,2020-02-28 13:00:58,2020-03-02 13:00:58,False
736,5,2020-02-24 13:05:58,2020-02-27 14:00:25,2020-03-01 14:00:25,False
737,250,2020-02-24 13:07:32,2020-02-29 02:54:29,2020-03-03 02:54:29,False
738,2300,2020-02-24 13:07:57,2020-02-27 05:24:43,2020-02-29 05:24:43,True
739,350,2020-02-24 13:17:29,2020-02-27 19:55:28,2020-03-01 19:55:28,False
740,400,2020-02-24 13:17:50,2020-02-27 06:18:39,2020-03-01 06:18:39,False
741,5,2020-02-24 13:18:17,2020-02-27 20:25:57,2020-03-01 20:25:57,False
742,500,2020-02-24 13:27:20,2020-02-27 05:51:37,2020-03-01 05:51:37,False
743,650,2020-02-24 13:30:19,2020-02-29 09:46:57,2020-03-02 09:46:57,True
744,300,2020-02-24 13:30:50,2020-02-27 02:46:41,2020-03-01 02:46:41,False
745,2250,2020-02-24 13:40:56,2020-03-02 11:22:08,2020-03-05 11:22:08,False
746,1600,2020-02-24 13:44:25,2020-02-28 07:17:16,2020-03-01 07:17:16,True
747,250,2020-02-24 13:49:04,2020-02-27 23:46:29,2020-03-01 23:46:29,False
748,5,2020-02-24 13:49:36,2020-02-27 01:34:50,2020-03-01 01:34:50,False
749,1750,2020-02-24 14:11:42,2020-02-27 02:38:50,2020-02-29 02:38:50,True
750,500,2020-02-24 14:14:10,2020-02-27 09:03:43,2020-03-01 09:03:43,False
751,900,2020-02-24 14:27:21,2020-03-01 05:10:02,2020-03-04 05:10:02,False
752,400,2020-02-24 14:38:47,2020-02-28 10:21:48,2020-03-02 10:21:48,False
753,7850,2020-02-24 14:40:23,2020-02-27 20:35:34,2020-03-01 20:35:34,False
754,250,2020-02-24 14:41:48,2020-02-27 12:48:45,2020-03-01 12:48:45,False
755,800,2020-02-24 14:51:20,2020-02-27 12:26:49,2020-02-29 12:26:49,True
756,900,2020-02-24 15:01:44,2020-03-01 19:11:31,2020-03-04 19:11:31,False
757,2150,2020-02-24 15:17:52,2020-02-27 03:55:05,2020-03-01 03:55:05,False
758,2050,2020-02-24 15:24:22,2020-03-01 05:50:08,2020-03-04 05:50:08,False
759,5,2020-02-24 15:28:22,2020-02-26 13:55:56,2020-02-29 13:55:56,False
760,300,2020-02-24 15:30:38,2020-02-26 10:31:33,2020-02-29 10:31:33,False
761,1750,2020-02-24 15:39:46,2020-02-29 13:42:05,2020-03-03 13:42:05,False
762,1100,2020-02-24 16:14:55,2020-02-28 12:08:43,2020-03-02 12:08:43,False
763,5,2020-02-24 16:36:05,2020-02-29 06:18:08,2020-03-03 06:18:08,False
764,750,2020-02-24 16:45:28,2020-02-29 19:43:28,2020-03-03 19:43:28,False
765,5,2020-02-24 16:46:32,2020-02-27 08:33:41,2020-03-01 08:33:41,False
766,1350,2020-02-24 16:49:46,2020-02-28 05:41:42,2020-03-02 05:41:42,False
767,600,2020-02-24 17:03:17,2020-02-28 11:12:36,2020-03-02 11:12:36,False
768,1150,2020-02-24 17:09:08,2020-02-28 20:38:41,2020-03-02 20:38:41,False
769,1100,2020-02-24 17:28:40,2020-02-27 14:39:50,2020-03-01 14:39:50,False
770,350,2020-02-24 17:41:49,2020-02-28 02:04:57,2020-03-02 02:04:57,False
771,8050,2020-02-24 17:45:10,2020-02-27 03:45:55,2020-03-01 03:45:55,False
772,3800,2020-02-24 17:46:50,2020-02-27 10:31:33,2020-02-29 10:31:33,True
773,5,2020-02-24 18:04:39,2020-02-27 05:06:42,2020-03-01 05:06:42,False
774,250,2020-02-24 18:08:17,2020-02-29 15:47:47,2020-03-03 15:47:47,False
775,1950,2020-02-24 18:14:00,2020-02-28 01:33:28,2020-03-02 01:33:28,False
776,5,2020-02-24 18:17:18,2020-02-27 08:44:25,2020-02-29 08:44:25,True
777,5,2020-02-24 18:26:42,2020-02-27 08:29:51,2020-03-01 08:29:51,False
778,350,2020-02-24 18:31:59,2020-02-28 12:40:06,2020-03-02 12:40:06,False
779,450,2020-02-24 18:39:20,2020-02-27 12:35:03,2020-03-01 12:35:03,False
780,350,2020-02-24 18:42:14,2020-02-26 19:05:29,2020-02-28 19:05:29,True
781,600,2020-02-24 18:44:26,2020-02-29 16:06:03,2020-03-02 16:06:03,True
782,550,2020-02-24 18:48:30,2020-02-27 05:26:41,2020-03-01 05:26:41,False
783,300,2020-02-24 18:54:45,2020-02-29 00:10:56,2020-03-03 00:10:56,False
784,350,2020-02-24 19:02:24,2020-02-26 19:48:56,2020-02-29 19:48:56,False
785,500,2020-02-24 19:06:06,2020-02-27 22:43:06,2020-02-29 22:43:06,True
786,5,2020-02-24 19:10:12,2020-02-28 00:54:33,2020-03-02 00:54:33,False
787,550,2020-02-24 19:13:12,2020-02-27 10:19:18,2020-03-01 10:19:18,False
788,1850,2020-02-24 19:13:52,2020-02-29 19:10:09,2020-03-03 19:10:09,False
789,5,2020-02-24 19:22:50,2020-03-01 01:47:37,2020-03-04 01:47:37,False
790,3550,2020-02-24 19:26:17,2020-02-28 06:25:36,2020-03-02 06:25:36,False
791,250,2020-02-24 19:31:39,2020-02-27 02:43:52,2020-03-01 02:43:52,False
792,600,2020-02-24 19:34:22,2020-02-28 15:10:26,2020-03-02 15:10:26,False
793,250,2020-02-24 19:36:12,2020-02-27 16:23:36,2020-03-01 16:23:36,False
794,5,2020-02-24 19:39:58,2020-02-29 17:38:16,2020-03-03 17:38:16,False
795,250,2020-02-24 19:43:28,2020-03-01 12:19:16,2020-03-04 12:19:16,False
796,1150,2020-02-24 19:46:50,2020-02-28 21:27:44,2020-03-02 21:27:44,False
797,1250,2020-02-24 19:48:21,2020-02-29 18:17:24,2020-03-02 18:17:24,True
798,600,2020-02-24 19:51:33,2020-02-29 19:06:31,2020-03-02 19:06:31,True
799,50,2020-02-24 20:01:11,2020-02-27 15:46:26,2020-02-29 15:46:26,True
800,5,2020-02-24 20:14:55,2020-02-28 21:09:38,2020-03-02 21:09:38,False
801,550,2020-02-24 20:23:18,2020-02-28 15:22:00,2020-03-02 15:22:00,False
802,250,2020-02-24 20:42:34,2020-02-27 01:46:22,2020-03-01 01:46:22,False
803,300,2020-02-24 20:51:16,2020-02-29 19:37:24,2020-03-03 19:37:24,False
804,1250,2020-02-24 20:57:41,2020-02-27 20:44:03,2020-03-01 20:44:03,False
805,450,2020-02-24 20:59:58,2020-02-29 07:35:40,2020-03-03 07:35:40,False
806,600,2020-02-24 21:01:24,2020-02-27 21:11:02,2020-03-01 21:11:02,False
807,650,2020-02-24 21:03:27,2020-02-28 23:47:53,2020-03-01 23:47:53,True
808,550,2020-02-24 21:03:38,2020-02-28 14:04:23,2020-03-02 14:04:23,False
809,1650,2020-02-24 21:04:15,2020-02-28 09:56:50,2020-03-02 09:56:50,False
810,350,2020-02-24 21:08:17,2020-03-01 00:40:16,2020-03-04 00:40:16,False
811,1400,2020-02-24 21:10:43,2020-02-28 13:40:17,2020-03-02 13:40:17,False
812,650,2020-02-24 21:11:19,2020-02-29 17:25:59,2020-03-03 17:25:59,False
813,250,2020-02-24 21:34:13,2020-02-27 10:10:09,2020-03-01 10:10:09,False
814,5,2020-02-24 21:46:29,2020-02-28 06:35:21,2020-03-02 06:35:21,False
815,750,2020-02-24 22:04:10,2020-02-28 01:26:49,2020-03-02 01:26:49,False
816,1000,2020-02-24 22:08:31,2020-02-27 01:34:02,2020-03-01 01:34:02,False
817,1200,2020-02-24 22:09:21,2020-02-28 13:35:20,2020-03-01 13:35:20,True
818,5,2020-02-24 22:10:23,2020-02-27 14:48:59,2020-03-01 14:48:59,False
819,400,2020-02-24 22:28:22,2020-02-28 14:51:13,2020-03-02 14:51:13,False
820,5,2020-02-24 22:28:46,2020-02-27 00:28:10,2020-03-01 00:28:10,False
821,1550,2020-02-24 22:48:01,2020-02-29 07:06:16,2020-03-02 07:06:16,True
822,3000,2020-02-24 22:58:11,2020-03-02 06:18:12,2020-03-05 06:18:12,False
823,250,2020-02-24 23:01:38,2020-02-27 19:42:50,2020-03-01 19:42:50,False
824,500,2020-02-24 23:09:58,2020-02-28 00:55:58,2020-03-02 00:55:58,False
825,600,2020-02-24 23:32:55,2020-02-28 23:37:05,2020-03-02 23:37:05,False
826,5,2020-02-24 23:33:48,2020-02-28 20:55:29,2020-03-01 20:55:29,True
827,300,2020-02-24 23:35:05,2020-02-28 21:30:44,2020-03-02 21:30:44,False
828,5,2020-02-24 23:35:36,2020-02-27 18:30:58,2020-03-01 18:30:58,False
829,2300,2020-02-24 23:39:07,2020-02-29 17:55:28,2020-03-03 17:55:28,False
830,5,2020-02-25 00:10:50,2020-02-28 17:37:45,2020-03-02 17:37:45,False
831,600,2020-02-25 00:12:22,2020-03-02 00:09:14,2020-03-05 00:09:14,False
832,550,2020-02-25 00:15:03,2020-02-29 07:46:01,2020-03-03 07:46:01,False
833,5,2020-02-25 00:16:36,2020-02-28 00:03:49,2020-03-02 00:03:49,False
834,550,2020-02-25 01:55:07,2020-03-01 16:21:12,2020-03-03 16:21:12,True
835,800,2020-02-25 02:12:31,2020-02-29 15:41:13,2020-03-02 15:41:13,True
836,1050,2020-02-25 03:21:00,2020-02-28 01:25:13,2020-03-02 01:25:13,False
837,500,2020-02-25 05:56:37,2020-02-29 06:29:00,2020-03-03 06:29:00,False
838,1650,2020-02-25 06:26:55,2020-02-29 15:44:41,2020-03-03 15:44:41,False
839,450,2020-02-25 06:29:54,2020-02-29 12:44:43,2020-03-03 12:44:43,False
840,300,2020-02-25 06:46:28,2020-02-27 21:15:47,2020-03-01 21:15:47,False
841,450,2020-02-25 07:11:49,2020-03-01 00:21:21,2020-03-04 00:21:21,False
842,600,2020-02-25 07:16:46,2020-02-28 10:35:02,2020-03-02 10:35:02,False
843,1500,2020-02-25 08:51:27,2020-02-29 08:41:32,2020-03-03 08:41:32,False
844,1100,2020-02-25 08:58:32,2020-02-28 13:39:32,2020-03-01 13:39:32,True
845,1000,2020-02-25 09:01:52,2020-02-28 19:45:29,2020-03-02 19:45:29,False
846,2150,2020-02-25 09:08:05,2020-02-28 20:00:50,2020-03-02 20:00:50,False
847,1600,2020-02-25 09:11:58,2020-02-28 17:24:15,2020-03-02 17:24:15,False
848,500,2020-02-25 09:12:22,2020-02-27 10:07:52,2020-03-01 10:07:52,False
849,600,2020-02-25 10:08:37,2020-02-28 09:22:15,2020-03-02 09:22:15,False
850,300,2020-02-25 10:22:04,2020-03-02 15:48:53,2020-03-04 15:48:53,True
851,850,2020-02-25 10:22:14,2020-02-29 15:42:15,2020-03-02 15:42:15,True
852,450,2020-02-25 10:26:15,2020-02-29 07:59:24,2020-03-03 07:59:24,False
853,550,2020-02-25 10:27:28,2020-02-27 01:35:28,2020-03-01 01:35:28,False
854,750,2020-02-25 10:34:24,2020-02-28 20:47:32,2020-03-02 20:47:32,False
855,5,2020-02-25 10:34:55,2020-03-02 05:09:08,2020-03-05 05:09:08,False
856,5,2020-02-25 10:39:23,2020-02-27 21:26:13,2020-03-01 21:26:13,False
857,5,2020-02-25 10:41:42,2020-02-29 11:13:39,2020-03-02 11:13:39,True
858,850,2020-02-25 10:43:24,2020-02-29 18:54:16,2020-03-03 18:54:16,False
859,5,2020-02-25 10:47:19,2020-02-29 07:22:49,2020-03-03 07:22:49,False
860,600,2020-02-25 10:48:06,2020-02-29 05:44:23,2020-03-03 05:44:23,False
861,1300,2020-02-25 10:50:13,2020-02-28 18:56:57,2020-03-02 18:56:57,False
862,450,2020-02-25 10:59:09,2020-02-27 18:16:49,2020-03-01 18:16:49,False
863,450,2020-02-25 11:00:56,2020-02-29 03:50:13,2020-03-02 03:50:13,True
864,5,2020-02-25 11:08:44,2020-03-02 19:19:11,2020-03-05 19:19:11,False
865,350,2020-02-25 11:12:13,2020-02-28 21:32:07,2020-03-01 21:32:07,True
866,300,2020-02-25 11:12:17,2020-03-03 00:49:29,2020-03-06 00:49:29,False
867,5,2020-02-25 11:21:38,2020-02-28 11:53:46,2020-03-02 11:53:46,False
868,5,2020-02-25 11:24:14,2020-03-01 14:04:58,2020-03-04 14:04:58,False
869,5,2020-02-25 11:32:09,2020-02-29 22:44:28,2020-03-03 22:44:28,False
870,5,2020-02-25 11:33:12,2020-03-01 02:15:25,2020-03-03 02:15:25,True
871,150,2020-02-25 11:42:02,2020-02-28 04:38:53,2020-03-02 04:38:53,False
872,450,2020-02-25 11:45:20,2020-02-29 03:00:56,2020-03-03 03:00:56,False
873,1050,2020-02-25 11:46:25,2020-02-29 03:57:37,2020-03-03 03:57:37,False
874,5,2020-02-25 11:50:02,2020-02-29 07:17:31,2020-03-03 07:17:31,False
875,600,2020-02-25 11:50:50,2020-02-27 07:34:06,2020-03-01 07:34:06,False
876,1350,2020-02-25 11:58:19,2020-03-01 03:28:47,2020-03-04 03:28:47,False
877,5,2020-02-25 12:03:24,2020-02-29 12:44:33,2020-03-02 12:44:33,True
878,1600,2020-02-25 12:13:30,2020-03-01 06:35:34,2020-03-04 06:35:34,False
879,5,2020-02-25 12:14:22,2020-03-01 15:18:21,2020-03-04 15:18:21,False
880,650,2020-02-25 12:21:47,2020-02-28 21:52:10,2020-03-02 21:52:10,False
881,600,2020-02-25 12:37:30,2020-02-27 06:14:09,2020-03-01 06:14:09,False
882,700,2020-02-25 12:41:32,2020-02-28 15:40:26,2020-03-02 15:40:26,False
883,1900,2020-02-25 12:43:19,2020-03-03 13:18:37,2020-03-06 13:18:37,False
884,5,2020-02-25 12:45:44,2020-02-28 16:24:49,2020-03-02 16:24:49,False
885,950,2020-02-25 12:52:33,2020-02-28 21:32:03,2020-03-02 21:32:03,False
886,5,2020-02-25 12:52:40,2020-02-29 22:19:47,2020-03-03 22:19:47,False
887,5,2020-02-25 12:52:57,2020-02-29 00:52:36,2020-03-03 00:52:36,False
888,5,2020-02-25 12:53:03,2020-03-02 18:03:21,2020-03-04 18:03:21,True
889,5,2020-02-25 13:01:06,2020-02-29 10:55:21,2020-03-03 10:55:21,False
890,550,2020-02-25 13:09:17,2020-02-29 16:58:32,2020-03-03 16:58:32,False
891,500,2020-02-25 13:12:40,2020-02-28 17:33:06,2020-03-02 17:33:06,False
892,900,2020-02-25 13:12:40,2020-02-29 05:40:09,2020-03-03 05:40:09,False
893,300,2020-02-25 13:16:23,2020-02-28 08:15:46,2020-03-02 08:15:46,False
894,5,2020-02-25 13:25:38,2020-03-01 20:22:00,2020-03-03 20:22:00,True
895,5,2020-02-25 13:30:37,2020-02-28 11:49:11,2020-03-01 11:49:11,True
896,5,2020-02-25 13:33:30,2020-02-28 13:22:48,2020-03-02 13:22:48,False
897,750,2020-02-25 13:36:18,2020-02-29 14:45:51,2020-03-03 14:45:51,False
898,850,2020-02-25 13:36:30,2020-02-29 23:09:04,2020-03-02 23:09:04,True
899,800,2020-02-25 13:39:12,2020-02-28 08:09:46,2020-03-02 08:09:46,False
900,500,2020-02-25 13:57:50,2020-02-28 15:30:05,2020-03-01 15:30:05,True
901,1650,2020-02-25 14:00:36,2020-02-28 03:16:06,2020-03-02 03:16:06,False
902,350,2020-02-25 14:07:10,2020-02-28 17:56:13,2020-03-01 17:56:13,True
903,500,2020-02-25 14:09:42,2020-03-01 08:08:20,2020-03-04 08:08:20,False
904,700,2020-02-25 14:17:43,2020-02-28 14:38:32,2020-03-02 14:38:32,False
905,5,2020-02-25 14:17:47,2020-03-01 06:12:20,2020-03-03 06:12:20,True
906,1150,2020-02-25 14:28:04,2020-02-28 15:01:34,2020-03-02 15:01:34,False
907,1700,2020-02-25 14:28:11,2020-02-27 23:01:30,2020-02-29 23:01:30,True
908,1050,2020-02-25 14:28:58,2020-02-28 19:55:52,2020-03-02 19:55:52,False
909,5,2020-02-25 14:33:11,2020-02-28 03:18:16,2020-03-02 03:18:16,False
910,5,2020-02-25 14:41:49,2020-03-02 16:24:23,2020-03-05 16:24:23,False
911,650,2020-02-25 14:49:01,2020-03-02 01:30:09,2020-03-04 01:30:09,True
912,550,2020-02-25 15:06:52,2020-03-02 05:37:24,2020-03-05 05:37:24,False
913,1150,2020-02-25 15:07:37,2020-02-29 04:47:08,2020-03-02 04:47:08,True
914,550,2020-02-25 15:13:36,2020-02-29 17:11:39,2020-03-03 17:11:39,False
915,5,2020-02-25 15:17:59,2020-02-29 03:36:14,2020-03-02 03:36:14,True
916,5,2020-02-25 15:19:11,2020-02-28 11:59:57,2020-03-02 11:59:57,False
917,700,2020-02-25 15:30:48,2020-02-29 00:00:19,2020-03-03 00:00:19,False
918,2800,2020-02-25 15:43:42,2020-02-29 01:20:39,2020-03-02 01:20:39,True
919,800,2020-02-25 15:47:28,2020-03-01 19:30:17,2020-03-04 19:30:17,False
920,500,2020-02-25 16:13:59,2020-02-29 16:58:07,2020-03-03 16:58:07,False
921,5,2020-02-25 16:18:47,2020-03-01 09:59:04,2020-03-04 09:59:04,False
922,5,2020-02-25 16:28:34,2020-02-29 03:46:53,2020-03-02 03:46:53,True
923,5,2020-02-25 16:49:19,2020-02-27 16:22:29,2020-03-01 16:22:29,False
924,350,2020-02-25 16:59:16,2020-03-01 06:24:09,2020-03-04 06:24:09,False
925,400,2020-02-25 16:59:30,2020-02-28 00:25:02,2020-03-02 00:25:02,False
926,300,2020-02-25 17:14:01,2020-03-03 22:17:05,2020-03-06 22:17:05,False
927,5,2020-02-25 17:18:36,2020-02-29 08:51:24,2020-03-02 08:51:24,True
928,400,2020-02-25 17:22:24,2020-02-29 04:35:01,2020-03-03 04:35:01,False
929,5,2020-02-25 17:23:56,2020-02-29 18:22:34,2020-03-03 18:22:34,False
930,500,2020-02-25 17:24:54,2020-03-02 01:52:50,2020-03-04 01:52:50,True
931,500,2020-02-25 17:33:02,2020-02-28 18:11:49,2020-03-02 18:11:49,False
932,5,2020-02-25 17:37:59,2020-03-01 09:08:56,2020-03-04 09:08:56,False
933,250,2020-02-25 17:41:02,2020-02-29 05:02:34,2020-03-03 05:02:34,False
934,5,2020-02-25 17:42:54,2020-03-01 06:34:02,2020-03-03 06:34:02,True
935,250,2020-02-25 17:57:29,2020-02-28 17:33:37,2020-03-01 17:33:37,True
936,1050,2020-02-25 18:02:03,2020-03-02 12:39:54,2020-03-04 12:39:54,True
937,1000,2020-02-25 18:12:00,2020-02-28 22:20:25,2020-03-02 22:20:25,False
938,1050,2020-02-25 18:14:59,2020-02-29 23:13:03,2020-03-03 23:13:03,False
939,400,2020-02-25 18:15:21,2020-02-29 04:05:40,2020-03-03 04:05:40,False
940,600,2020-02-25 18:17:46,2020-02-29 04:05:57,2020-03-02 04:05:57,True
941,250,2020-02-25 18:29:43,2020-03-02 03:17:35,2020-03-04 03:17:35,True
942,450,2020-02-25 18:36:46,2020-02-28 19:27:27,2020-03-02 19:27:27,False
943,50,2020-02-25 18:37:48,2020-02-29 15:30:53,2020-03-02 15:30:53,True
944,950,2020-02-25 18:39:36,2020-02-29 22:35:43,2020-03-02 22:35:43,True
945,600,2020-02-25 18:42:14,2020-02-29 09:21:45,2020-03-03 09:21:45,False
946,1550,2020-02-25 18:49:18,2020-02-29 17:48:41,2020-03-03 17:48:41,False
947,1900,2020-02-25 18:49:29,2020-02-28 12:47:17,2020-03-01 12:47:17,True
948,800,2020-02-25 18:53:33,2020-03-01 04:06:31,2020-03-04 04:06:31,False
949,1800,2020-02-25 18:56:05,2020-03-01 08:05:52,2020-03-03 08:05:52,True
950,850,2020-02-25 18:57:04,2020-03-01 08:28:33,2020-03-03 08:28:33,True
951,600,2020-02-25 18:57:26,2020-03-02 03:49:33,2020-03-04 03:49:33,True
952,300,2020-02-25 19:05:15,2020-03-03 20:44:59,2020-03-06 20:44:59,False
953,5,2020-02-25 19:05:43,2020-02-28 13:40:10,2020-03-02 13:40:10,False
954,1250,2020-02-25 19:18:48,2020-02-27 21:17:26,2020-03-01 21:17:26,False
955,5,2020-02-25 19:21:19,2020-02-29 10:05:30,2020-03-03 10:05:30,False
956,1100,2020-02-25 19:29:46,2020-02-29 10:49:16,2020-03-03 10:49:16,False
957,850,2020-02-25 19:37:36,2020-02-28 16:50:43,2020-03-01 16:50:43,True
958,650,2020-02-25 19:39:57,2020-02-28 14:02:48,2020-03-02 14:02:48,False
959,300,2020-02-25 19:46:12,2020-02-29 11:38:28,2020-03-03 11:38:28,False
960,1600,2020-02-25 19:50:32,2020-02-28 23:15:59,2020-03-02 23:15:59,False
961,5,2020-02-25 19:53:47,2020-02-28 14:33:59,2020-03-01 14:33:59,True
962,750,2020-02-25 19:58:00,2020-03-04 09:13:33,2020-03-06 09:13:33,True
963,5,2020-02-25 19:59:16,2020-03-02 05:34:03,2020-03-05 05:34:03,False
964,450,2020-02-25 20:01:24,2020-02-29 01:48:10,2020-03-03 01:48:10,False
965,5,2020-02-25 20:05:53,2020-03-01 01:09:54,2020-03-04 01:09:54,False
966,600,2020-02-25 20:13:47,2020-02-28 21:43:14,2020-03-01 21:43:14,True
967,300,2020-02-25 20:17:29,2020-03-01 17:59:26,2020-03-04 17:59:26,False
968,5,2020-02-25 20:18:31,2020-03-02 03:26:41,2020-03-05 03:26:41,False
969,1900,2020-02-25 20:21:09,2020-02-28 11:59:07,2020-03-02 11:59:07,False
970,5,2020-02-25 20:27:16,2020-02-27 13:40:21,2020-03-01 13:40:21,False
971,900,2020-02-25 20:27:33,2020-02-29 20:43:43,2020-03-03 20:43:43,False
972,250,2020-02-25 20:31:02,2020-02-28 23:17:48,2020-03-01 23:17:48,True
973,450,2020-02-25 20:32:41,2020-03-01 19:40:47,2020-03-04 19:40:47,False
974,500,2020-02-25 20:41:42,2020-03-03 00:09:24,2020-03-06 00:09:24,False
975,400,2020-02-25 21:02:00,2020-03-01 11:19:00,2020-03-03 11:19:00,True
976,5,2020-02-25 21:02:17,2020-03-02 14:12:15,2020-03-05 14:12:15,False
977,700,2020-02-25 21:10:12,2020-02-28 09:44:14,2020-03-02 09:44:14,False
978,850,2020-02-25 21:13:30,2020-02-29 09:56:27,2020-03-03 09:56:27,False
979,650,2020-02-25 21:18:34,2020-03-02 06:27:09,2020-03-04 06:27:09,True
980,15850,2020-02-25 21:23:18,2020-03-01 02:48:06,2020-03-04 02:48:06,False
981,5,2020-02-25 21:33:13,2020-02-29 12:30:49,2020-03-03 12:30:49,False
982,2800,2020-02-25 21:33:15,2020-03-04 03:57:24,2020-03-07 03:57:24,False
983,1900,2020-02-25 21:39:30,2020-03-01 19:22:37,2020-03-04 19:22:37,False
984,5,2020-02-25 21:49:31,2020-02-29 04:41:10,2020-03-03 04:41:10,False
985,5,2020-02-25 22:08:40,2020-02-29 13:55:21,2020-03-02 13:55:21,True
986,650,2020-02-25 22:10:58,2020-03-02 09:26:28,2020-03-05 09:26:28,False
987,5,2020-02-25 22:12:40,2020-02-29 05:44:31,2020-03-03 05:44:31,False
988,350,2020-02-25 22:14:56,2020-03-03 01:56:25,2020-03-05 01:56:25,True
989,10850,2020-02-25 22:30:42,2020-03-03 06:15:51,2020-03-06 06:15:51,False
990,650,2020-02-25 22:40:38,2020-02-29 18:23:13,2020-03-03 18:23:13,False
991,750,2020-02-25 22:45:58,2020-02-28 09:48:54,2020-03-02 09:48:54,False
992,2000,2020-02-25 23:02:04,2020-02-29 15:11:25,2020-03-02 15:11:25,True
993,5,2020-02-25 23:05:28,2020-02-29 10:05:47,2020-03-03 10:05:47,False
994,5,2020-02-25 23:06:37,2020-03-01 01:50:16,2020-03-04 01:50:16,False
995,1350,2020-02-25 23:23:27,2020-03-01 06:59:55,2020-03-04 06:59:55,False
